cache_key,playlist_id,observed_count,affect,cohesion,energy,genre_style,listening_context,narrative_theme,next_song_role,top_keywords,valence
6c0717311149bc4651aa0d8895c04e4c3b85b653,808,47,confident|playful|dreamy,theme,mid,pop|electropop,mixed,love|heartbreak,same_vibe,romantic_tension|chill|mixed,positive
8ba63c3bed3b1c0ff3006fc6a525d1b896438e1f,4136,46,melancholic|uplifting,theme,mid,pop|soundtrack,mixed,love|conflict,same_vibe,cinematic|mixed|high_arousal,positive
9567e1298bf7d0b49569d8ca20e9513bd614932d,4141,41,euphoric|playful,mixed,high,pop|dance_pop,mixed,love,same_vibe,romantic_tension|confident|party,positive
aeef47cf6330c87fbd9da91e2d850513e4d3a3fc,4745,40,melancholic|romantic,theme,low,pop|indie,mixed,love|conflict,same_vibe,chill|mixed|high_arousal,positive
65e3f0fad8c9e73fd0730b66ede6c9be429195bf,6104,87,confident,theme,mid,pop|soundtrack,mixed,love|depression,cooldown,romantic_tension|cinematic|mixed,negative
0e2187bf2cc29052b6238c9739587057e51246fc,7188,49,euphoric|playful,mixed,high,pop|dance_pop,mixed,love,same_vibe,theatrical|confident|mixed,positive
5d10471d524e7efbc0001d99ec4e0a2cb869044e,7207,58,euphoric|playful,mixed,high,pop|dance_pop,mixed,love,same_vibe,romantic_tension|confident|party,positive
c5a0b9acfebd3308ca21e116cfcf30a0653d7f0e,7856,100,euphoric|playful,theme,high,pop|dance_pop,mixed,love|desire,same_vibe,theatrical|confident|mixed,positive
a6f6cc51532dcdfc9e670eace72ae37589683457,7950,52,confident|uplifting|playful,theme,mid,pop|dance_pop,mixed,love,same_vibe,romantic_tension|party|chill,positive
37558b5de49a771e4520acff55c994cd1afcb69b,8035,58,euphoric|playful,mixed,high,pop|electropop,mixed,love,same_vibe,romantic_tension|confident|party,positive
0a56839cbf3b21f724d4993b87955ea7b5abdc8c,8944,59,euphoric|playful,mixed,high,pop|dance_pop,mixed,love,same_vibe,romantic_tension|confident|party,positive
b1a6ffb5306aeb68dde509d3b5e7b02fa43b43aa,10166,37,euphoric|playful,mixed,high,pop|dance_pop,mixed,love,same_vibe,romantic_tension|confident|party,positive
7fdd5ea0048b0522537d4c32b520642e83f219fc,11036,68,melancholic|uplifting,theme,mid,pop|electronic,mixed,love|conflict,same_vibe,cinematic|mixed|high_arousal,positive
0ce77c403a85fd127e1e7c9244538c0ba807042e,11191,51,euphoric|playful,mixed,high,pop|dance_pop,mixed,love,same_vibe,romantic_tension|confident|party,positive
fa3e7cc6b9ed13384ffa5307ecf1e2a2de7df4f6,12962,84,euphoric|playful,mixed,high,pop|dance_pop,mixed,love,same_vibe,romantic_tension|confident|party,positive
0340bf632b62d0f78e07cf3c9a806c1b7d241f8e,14281,42,euphoric|playful,mixed,high,pop|electropop,mixed,love,same_vibe,romantic_tension|confident|party,positive
b37aeec59fe072fabfcaa783c06b1525e8db11ac,14639,57,uplifting|confident,theme,mid,pop,mixed,love,same_vibe,chill|mixed|high_arousal,positive
5939423b6ba9f1a07c97b633b3ffe288ad4bada4,15802,55,melancholic|uplifting|playful,mixed,mid,punk|electronic,mixed,conflict|love,same_vibe,theatrical|chill|mixed,mixed
a00fbc7251c09e43851d73c09b3fb81b7c5488d7,17101,49,euphoric|playful,mixed,high,pop|dance_pop,mixed,love,same_vibe,romantic_tension|confident|party,positive
beb97b91ca9816a8b2d96df3f615852cecc04a74,17338,37,melancholic,theme,mid,pop,mixed,love|heartbreak,cooldown,cinematic|mixed|high_arousal,negative
d85f5528e51dda43777b8e917213c8a93baed4ca,18292,43,euphoric|playful,theme,high,pop|dance_pop,mixed,love,same_vibe,romantic_tension|chill|confident,positive
23d84f86989e74146ab474a133ebc19dd52246a4,18803,56,confident|uplifting,mixed,high,pop|dance_pop,mixed,love,same_vibe,party|romantic_tension|mixed,positive
59f0d999b5f04ea2f24228a35c235796dacce348,19055,89,uplifting|confident,mixed,mid,pop|electropop,mixed,mixed,same_vibe,dancefloor|party|chill,positive
ebe378969b6e3842b7ba4b08cbc84a9e5fd8825d,20247,46,uplifting|playful,mixed,mid,pop|dance_pop,mixed,love,same_vibe,chill|confident|mixed,positive
17fd8d0f87094c0d15e98685a93d5adab0cb3cf2,21820,46,confident,theme,mid,pop,mixed,love|heartbreak,same_vibe,romantic_tension|cinematic|mixed,negative
fd321c0bbcaaf4e8970a82435e26e783c3cef9b9,21958,45,confident|euphoric|romantic,theme,high,pop,mixed,love,same_vibe,dancefloor|romantic_tension|party,positive
4ca434aec112cfd864369a8991d52630c91aba95,23589,117,confident|uplifting|playful,theme,mid,pop|dance_pop,mixed,love,same_vibe,romantic_tension|party|chill,positive
eea508c47aacabad848db8dc03a78cb5c68dbac3,23775,52,confident|uplifting,mixed,high,pop,mixed,love,same_vibe,party|romantic_tension|mixed,positive
bab7cc3d60e3928d20d91954b1e8ccdb6b8fe19c,25782,31,confident|uplifting,theme,high,pop|soundtrack,mixed,love,same_vibe,romantic_tension|cinematic|mixed,positive
1abd579a86cf8f858812c77cb2ac36ae098f2e6c,27454,49,uplifting|confident,theme,high,pop,mixed,love|coming_of_age,same_vibe,chill|mixed|high_arousal,positive
9128d0ea984830ffad18650ffd080c93089446f3,28320,71,uplifting|confident,theme,mid,pop|dance_pop,mixed,love,same_vibe,romantic_tension|chill|party,positive
58ab6fa11f40d812d476d8736308d12b1090204f,28650,39,melancholic|uplifting|playful,theme,mid,pop|electropop,mixed,love|conflict,same_vibe,theatrical|mixed|high_arousal,positive
1e7e950ab571a090781fee29c8ae746cc244b9d3,29711,31,euphoric|playful,mixed,high,pop|electropop,mixed,love,same_vibe,dancefloor|romantic_tension|confident,positive
fcb1573d3df245b21deea18b300e97fc7ced1adc,30026,49,confident|uplifting,mixed,high,pop|dance_pop,mixed,love,same_vibe,party|romantic_tension|mixed,positive
d20266c21aaff3e9dffd22fb49b9c1c4821a688c,30083,76,uplifting|confident,mixed,mid,pop|dance_pop,mixed,love,same_vibe,romantic_tension|chill|party,positive
b5322c97141d5aa0cef125434a07cf72f1a75904,30129,42,melancholic|uplifting,theme,mid,pop|electronic,mixed,love|conflict,same_vibe,cinematic|mixed|high_arousal,positive
5db167b5623679c58f93a9e72799d42c7b24ec17,30964,75,confident,mixed,mid,pop|country,mixed,love|heartbreak,same_vibe,romantic_tension|cinematic|mixed,negative
4ff4bb40de1745f45db3f60917f51f9d638437ba,31732,48,euphoric|playful,theme,high,pop|dance_pop,mixed,love,same_vibe,romantic_tension|chill|confident,positive
90000e803dcfc699240bab13749066f22f7ee16e,33174,96,euphoric|playful,mixed,high,pop|dance_pop,mixed,love|heartbreak,same_vibe,theatrical|confident|mixed,positive
f2ad72daabdbfee9d083357544d541487c18d53d,33305,47,uplifting,theme,mid,pop|dance_pop,mixed,love,same_vibe,romantic_tension|party|chill,positive
7994905422d47160f5ce8b19411a56d2fb36d9ba,33355,51,euphoric|playful,mixed,high,pop|dance_pop,mixed,love,same_vibe,romantic_tension|confident|party,positive
3e4be352b5673ab744c5c21cb7da1cdfd82aa9a4,33660,77,confident|romantic,theme,high,pop|dance_pop,mixed,love,same_vibe,party|romantic_tension|mixed,positive
597e2f17ef3c85e90958aa11681eb3626e258515,34017,40,mixed,theme,mid,pop,mixed,conflict|resilience,cooldown,cinematic|mixed|high_arousal,negative
f040539c73fa25b7b9fa3660d49013b2fc98f19f,34033,48,euphoric|playful,theme,high,pop|dance_pop,mixed,love,same_vibe,romantic_tension|confident|party,positive
41993170f82dc82cc1c1baa703ffa747648d1ee8,34923,44,euphoric|playful,mixed,high,pop|dance_pop,mixed,love,same_vibe,romantic_tension|confident|party,positive
936a58636da766b07c1d47c4c2492c14ba84fe68,35432,44,confident|euphoric|playful,theme,high,pop|electropop,mixed,love,same_vibe,romantic_tension|chill|mixed,positive
b07be872962075f5df94f1a34479e87460c270d1,37424,72,euphoric|playful,theme,high,pop|electropop,mixed,love,same_vibe,theatrical|confident|mixed,positive
d092e69cbca610c1bf461c41711c15e7e3036b7c,38338,58,confident,theme,mid,pop,mixed,love,same_vibe,romantic_tension|chill|party,positive
cdae304e0d1dde76636c80daa5f849788026163d,38464,39,confident|uplifting,theme,mid,pop|electropop,mixed,love,same_vibe,romantic_tension|chill|mixed,positive
5d12b400f771f38f286708d9d334ccf2420f20fa,39488,51,confident|uplifting,theme,high,pop|dance_pop,mixed,love,same_vibe,party|romantic_tension|mixed,positive
b7f805c5838a1743f7f47e3bb8a2a344749893e1,40327,49,uplifting,theme,mid,pop|electropop,mixed,love|coming_of_age,same_vibe,chill|confident|mixed,positive
ab0cceb06bf55b4588ab42601d2f526af5296508,40688,64,euphoric|playful,theme,high,pop|dance_pop,mixed,love,same_vibe,romantic_tension|chill|confident,positive
3e2929a213c455e3d40de3162640b0fe7a3a9296,42288,64,mixed,theme,mid,pop|indie,mixed,love|heartbreak,same_vibe,romantic_tension|heartbreak|mixed,negative
6bc2c9b619d7cf3e8695aaf301bc7c0911936f58,42489,74,uplifting|confident,theme,mid,pop|dance_pop,mixed,love,same_vibe,romantic_tension|chill|mixed,positive
b9845dfaf42916fd3dbe4da7e913ba7a8f7e3c45,45071,51,euphoric|playful,mixed,high,pop|dance_pop,mixed,love,same_vibe,confident|party|mixed,positive
850cc95439dbd783985145d89007faab6269011d,47089,56,confident|melancholic,theme,mid,pop,mixed,love|heartbreak,same_vibe,romantic_tension|chill|mixed,negative
3a7ee2bde3887deaec6618757a0cea7e4245c6ba,47209,39,confident|uplifting,mixed,high,pop|electropop,mixed,love,same_vibe,party|romantic_tension|mixed,positive
6792313daba2e9405711002b0d41cf01a0ad5283,48147,67,euphoric|playful,mixed,high,pop|dance_pop,mixed,love,same_vibe,chill|confident|mixed,positive
fccaa57de17403aec73bbcd5b0ed5393ea02db32,48443,83,confident,theme,mid,pop|electropop,mixed,love,same_vibe,cinematic|mixed|high_arousal,positive
d36588ef8970004d4f9378a9687d9713eea7af1c,48644,41,confident|uplifting,theme,high,pop|electropop,mixed,love,same_vibe,party|romantic_tension|mixed,positive
5376d9f8f187a432b2201e0c6cf9c2d8409ebc24,48982,60,euphoric|playful,theme,high,pop|dance_pop,mixed,love,same_vibe,romantic_tension|confident|party,positive
3d72c9c6b14bbef6085c3fb81ad8ec1feb40c8a0,49705,78,euphoric|playful,mixed,high,pop|dance_pop,mixed,love,same_vibe,romantic_tension|confident|party,positive
90718c8a13929946c4cf8c47e6e34213a7c77ffc,49950,48,melancholic|uplifting,mixed,mid,pop|soundtrack,mixed,love|conflict,same_vibe,cinematic|mixed|high_arousal,positive
34ed94092527bb61bc2015757c2d464abac46358,50588,52,euphoric|playful,theme,high,pop|electropop,mixed,love,same_vibe,theatrical|confident|mixed,positive
9a0d21f894661ea073e5f3b4f5a8305ab3834ad9,51954,40,euphoric|playful,mixed,high,pop,mixed,love,same_vibe,chill|confident|mixed,positive
280f8e13f728c32d4373eda554f3773f962bfc9a,53760,44,euphoric|playful,mixed,high,pop|dance_pop,mixed,love,same_vibe,theatrical|confident|mixed,positive
6fc7b3ba85e24e8e642221d4e901da9c71c306e4,56762,28,melancholic|uplifting,theme,mid,pop|soundtrack,mixed,love|conflict,same_vibe,cinematic|mixed|high_arousal,positive
eb38eff25d5c4f881fefae93a01a3acfefa25d64,57195,46,confident,theme,mid,pop|electronic,mixed,love|depression,cooldown,romantic_tension|cinematic|mixed,negative
55f5b8d81cb52a7c4155994556193b0195c46276,58435,53,uplifting,theme,mid,pop,mixed,love,same_vibe,chill|confident|mixed,positive
d3eba9d609a1ef3b771dacf821aa1b2b8496d7d2,58486,53,euphoric|confident,theme,high,pop|dance_pop,mixed,love,same_vibe,romantic_tension|party|chill,positive
f76c6fe436026567e1a890c6b0ce6bbd157d44e9,59393,55,confident,theme,mid,pop|soundtrack,mixed,love|heartbreak,same_vibe,romantic_tension|cinematic|mixed,negative
0f629da181eda403fd2a133d9babf9dcaf267912,59684,55,confident,theme,high,pop|rock,mixed,love|heartbreak,same_vibe,theatrical|romantic_tension|mixed,positive
c6f29e17ab4720274609542f836f0f188c4bf938,60499,54,euphoric|playful,mixed,high,pop|electropop,mixed,love,same_vibe,romantic_tension|chill|confident,positive
e83f6c8fe4f517d0b6011e0a8509c943e358b325,60663,89,confident|melancholic,theme,mid,pop|soundtrack,mixed,love|conflict,same_vibe,romantic_tension|cinematic|mixed,negative
d2476de97c063a64e1ea5d11e2f1220b701adda8,62297,32,euphoric|playful,mixed,mid,pop|electropop,mixed,love,same_vibe,romantic_tension|chill|confident,positive
0bbce6f65a9fb13794cac1f26610a47a6b987f64,62310,43,euphoric|playful,mixed,high,pop|dance_pop,mixed,love,same_vibe,theatrical|confident|mixed,positive
cb63ad8b5a9e60ee4fef06c79f52bd0e77f7b40e,63575,49,euphoric|playful,mixed,high,pop|dance_pop,mixed,love,same_vibe,romantic_tension|confident|party,positive
3b9344b11c4f8e51751ed9cacd0982cf5ba1151c,64430,86,confident|playful,theme,mid,rock|alt_rock,mixed,love|heartbreak|desire,same_vibe,theatrical|cinematic|mixed,negative
860c1d37e36ac02c10a3695dd766a6ba4ec3ab1c,66345,85,euphoric|playful,theme,high,pop|dance_pop,mixed,love|heartbreak,same_vibe,theatrical|confident|mixed,positive
728cbc0e17ed1f18e8c81ab397c6d3f56659d808,66543,84,confident|playful|dreamy,theme,mid,pop,mixed,love|heartbreak,same_vibe,romantic_tension|chill|mixed,positive
0beb49051385d46efad4e80f2536571a7ee21e41,67131,98,euphoric|playful,mixed,high,pop|dance_pop,mixed,love|desire,same_vibe,theatrical|confident|mixed,positive
fca03b9acc0c6db98773049d471c5724c24c9cf7,68385,66,melancholic|uplifting,theme,mid,pop|electropop,mixed,love|conflict,same_vibe,romantic_tension|chill|heartbreak,positive
1d0dad76b77035d28955dfbe43095b33acad82fa,69248,51,confident,theme,mid,pop,mixed,love|heartbreak,same_vibe,romantic_tension|chill|mixed,negative
3d95a46527368f3cc4e26cec090887e3c2df29a8,69510,69,euphoric|playful,mixed,high,pop|dance_pop,mixed,love,same_vibe,romantic_tension|chill|confident,positive
1c8b6323ef873b578cec6bca9ed52a4a12d69fae,73177,54,confident,theme,mid,pop|soundtrack,mixed,love|depression,cooldown,romantic_tension|cinematic|mixed,negative
11cf0888662748cd091af8973ebe5f035edde8ac,73493,54,melancholic|uplifting,theme,mid,pop|indie,mixed,love|conflict,same_vibe,cinematic|mixed|high_arousal,positive
f6c9348f110443ed0ac6fddc730310ea84ad781e,74576,79,melancholic|uplifting,theme,mid,pop,mixed,love|heartbreak,same_vibe,chill|mixed|high_arousal,positive
5c3e9eea7b391f9aaaf5cb9e52e8f5a55a587c3b,74653,85,mixed,theme,high,punk|electronic,mixed,conflict|resilience,cooldown,theatrical|cinematic|mixed,negative
228866d149045a6176b4d9524e8851f1ba040346,75067,40,confident|uplifting,theme,high,electronic|pop,mixed,love,same_vibe,dancefloor|party|club,positive
6b7efc9a8df6a205704786c1dad9dc4702aae0a6,75331,105,confident|uplifting,theme,high,pop|electropop,mixed,mixed,same_vibe,party|dancefloor|mixed,positive
c58eec65caeb267203cffec71d3091bba6884dec,76580,51,euphoric|playful,theme,high,pop|dance_pop,mixed,love,same_vibe,romantic_tension|confident|party,positive
365f1e08b943c2fa2aa8307abc24570fd135e1c7,77450,42,euphoric|playful,mixed,high,pop|dance_pop,mixed,love,same_vibe,romantic_tension|confident|party,positive
7c54f1fd0e2de1af0d0705dff52613dfcf23e8d6,77542,42,confident|uplifting,theme,high,pop|dance_pop,mixed,love,same_vibe,party|romantic_tension|mixed,positive
0d860a3d0658c73627f15bdfd9ce46818178d163,78682,30,melancholic,theme,mid,pop|soul,mixed,love|heartbreak,cooldown,cinematic|mixed|high_arousal,negative
6e0634fc3857746ede501ae79e7dd7a695f2affc,78703,65,euphoric|playful,mixed,high,pop|dance_pop,mixed,love,same_vibe,romantic_tension|confident|party,positive
d53cf8a0eaaee3c674f7ea2cea259d6fe5c69c80,79046,73,mixed,mixed,low,metal,mixed,conflict|loneliness,cooldown,angsty|mixed|high_arousal,negative
c424e6cb0ba9687fccac562717f495b75698f333,81478,50,euphoric|playful,mixed,high,pop|dance_pop,mixed,love,same_vibe,romantic_tension|confident|party,positive
72ae275d9d00f1f84a69c73d50cfb314167edb97,82006,53,euphoric|playful,mixed,high,pop|dance_pop,mixed,love,same_vibe,romantic_tension|confident|party,positive
330d8e7e8e11f5cad2778a130bb079e41fb34ad4,82317,92,euphoric|playful,mixed,high,pop|dance_pop,mixed,love,same_vibe,romantic_tension|chill|confident,positive
5b018b737e9d38387b31e1ef807a2b9c73f57c9a,82434,63,euphoric|playful,mixed,high,pop|dance_pop,mixed,love,same_vibe,romantic_tension|confident|party,positive
0580ecb41049a423ddebe02a64c4f7d7a62721c2,83466,37,euphoric|playful,theme,high,pop|electropop,mixed,love|desire,same_vibe,theatrical|confident|mixed,positive
79cb03f173b7e583c3a6acb820b35b3ebeab3345,85078,38,euphoric|playful,mixed,high,pop|dance_pop,mixed,love,same_vibe,theatrical|confident|mixed,positive
c344a164e2378ebc68fc0b03bb8ab6eef125f2ac,86876,110,confident,theme,mid,classic_rock|pop,mixed,mixed,same_vibe,workout|mixed|high_arousal,positive
2798e7ee39ca5eb6863a2a1bef0bf44ebfdb9b28,86999,98,confident,theme,mid,pop|alt_rock,mixed,love|heartbreak,same_vibe,romantic_tension|heartbreak|mixed,negative
f3eba3a6e580e2910691f2c0bbca415dee4e9f76,89608,52,confident|playful,mixed,mid,pop|dance_pop,mixed,love|heartbreak,same_vibe,romantic_tension|chill|mixed,positive
7e910e618dd0760167cf563e4a36b2e17fdcea34,90745,72,euphoric|playful,mixed,high,pop|dance_pop,mixed,love,same_vibe,theatrical|confident|mixed,positive
94bf8a02afa44c9a00f1c28840cbaaf44ae8ca6f,91455,39,confident|playful,mixed,mid,pop|alt_rock,mixed,love|heartbreak,same_vibe,theatrical|mixed|high_arousal,positive
5db57b7ce3a6a8113794ed2b75100e2c65f5be1f,91840,39,euphoric|playful,mixed,high,pop|dance_pop,mixed,love,same_vibe,confident|party|mixed,positive
d18c5856057fea56c8596e5a32a8ef651589ee88,93956,86,confident|uplifting,theme,mid,pop,mixed,love,same_vibe,romantic_tension|chill|mixed,positive
4af479307b5db180221bd253ab5449df3a3f2fe1,95505,63,melancholic|uplifting,mixed,mid,pop|soundtrack,mixed,love|conflict,same_vibe,cinematic|mixed|high_arousal,positive
e8c64762ba30cb5564f909c07998457752b5a0d3,97296,33,confident|uplifting|romantic,mixed,high,dance_pop|electronic,mixed,mixed,same_vibe,party|club|mixed,positive
7bd8cac82ad800901c2371e03e885247b03a0c96,97434,89,euphoric|confident,mixed,high,pop|dance_pop,mixed,love,same_vibe,romantic_tension|chill|party,positive
5070b92dea529f233d59fbe0632ce3bdc4608914,99433,98,confident|uplifting|playful,theme,mid,pop|dance_pop,mixed,love,same_vibe,romantic_tension|party|chill,positive
a2fc04689f3f57a029a4f7292e89994928831a29,103312,65,uplifting,mixed,high,pop,mixed,love,same_vibe,confident|party|mixed,positive
d1ba66b9fd37e7cfa73f3e54145373910763728d,104898,47,uplifting|confident,mixed,high,pop|electronic,mixed,mixed,same_vibe,dancefloor|party|mixed,positive
61bbb5bf3888e431c1cc962ec3ad8d075242ec6e,107459,40,melancholic|uplifting,mixed,mid,pop|electropop,mixed,love|conflict,same_vibe,cinematic|mixed|high_arousal,positive
1ab617885bbec8eeabb44910d24b45a0b1463293,108334,37,confident|uplifting|playful,mixed,mid,pop|dance_pop,mixed,love,same_vibe,party|romantic_tension|chill,positive
5918dfa6367deac90633f4b31c3329eff8d6e898,109785,61,euphoric|playful|chill,theme,high,pop|dance_pop,mixed,love|heartbreak,same_vibe,theatrical|confident|mixed,positive
0c43c3325658ba90c19badb2aafd43e1082f4dd3,112099,60,melancholic|romantic,theme,low,pop,mixed,love|conflict,cooldown,romantic_tension|chill|mixed,negative
b364829d3b934cce6c8c9b2c53bd963df94ec433,113083,42,melancholic|uplifting,mixed,mid,pop|soundtrack,mixed,love|conflict,same_vibe,cinematic|mixed|high_arousal,positive
5070fde391024df6a4fae943d585478c4143391d,113674,92,euphoric|playful,theme,high,pop|dance_pop,mixed,love,same_vibe,romantic_tension|confident|party,positive
c394e3c49792fc172a36e0c08f3e8b9c1f94f7f4,116665,34,melancholic|romantic,theme,low,pop|electronic,mixed,love|conflict,cooldown,romantic_tension|chill|mixed,negative
5c603489517c517362a7ae1886b1a3f102d6cd0c,116746,73,euphoric|playful|dreamy,theme,high,pop|electropop,mixed,love|desire,same_vibe,theatrical|confident|mixed,positive
030b19bf61ceb9cbe25a0dc6f2617b583dc060c9,117957,48,confident|playful,theme,mid,pop|dance_pop,mixed,love,same_vibe,romantic_tension|party|chill,positive
28076fc43409d9d116c3c816a3ffe012b686e5d2,118653,43,euphoric|playful,theme,high,pop|dance_pop,mixed,love,same_vibe,romantic_tension|chill|confident,positive
766efca9c63bd7fbf0f8e0b55ed982e61cac69ad,120519,60,confident|uplifting|playful,theme,high,pop|dance_pop,mixed,love|escape,same_vibe,romantic_tension|party|roadtrip,positive
7b192b9e21cf1e0f5bb84eb05f53ab5f0b7e0f9b,121383,44,euphoric|playful,mixed,high,pop|dance_pop,mixed,love,same_vibe,chill|confident|mixed,positive
743d26cf882ad16f06ca8154c6c8eaf231b34684,121771,37,melancholic|uplifting,mixed,mid,pop|soundtrack,mixed,love|conflict,same_vibe,cinematic|mixed|high_arousal,positive
c9b03215111a0e5884ca23922ae388c3c77c4a5c,122070,39,euphoric|confident,mixed,high,pop|dance_pop,mixed,love,same_vibe,romantic_tension|chill|confident,positive
67ae48c78cc1327d4febaa709ebef21b62bf45ed,124118,65,euphoric|confident,theme,high,pop|dance_pop,mixed,love,same_vibe,romantic_tension|party|chill,positive
9ed3138c4e9989ac71812789533438a0857bc4c3,125349,100,melancholic,theme,low,folk|country,mixed,love|heartbreak,cooldown,heartbreak|mixed|high_arousal,negative
b55b82a5672c770ea8ff4ebbecb085adf01cad33,126313,64,confident,theme,mid,pop|soundtrack,mixed,love|resilience,same_vibe,cinematic|mixed|high_arousal,positive
3ff21972d116269d27d1691dfb8dd0fe4ac2935e,126930,41,confident|uplifting,mixed,high,pop|dance_pop,mixed,celebration,same_vibe,party|romantic_tension|mixed,positive
2a6aca84d09b5cb8056e3db514a1f771699f2721,126991,43,confident|uplifting,mixed,high,pop|dance_pop,mixed,love,same_vibe,party|romantic_tension|mixed,positive
5c1f8bce92f1987b983b2b3d90b673f5c697993c,128014,44,euphoric|playful,theme,high,pop|electropop,mixed,love,same_vibe,theatrical|confident|mixed,positive
155e9d1489057d5653b2aaf23e3054fd114775f2,129782,44,uplifting|confident,mixed,mid,pop|electropop,mixed,mixed,same_vibe,dancefloor|party|chill,positive
67f63afcea0632db79ccc520221391a602b5a3b7,130906,47,confident|euphoric,mixed,high,pop|dance_pop,mixed,love,same_vibe,party|romantic_tension|mixed,positive
3bc7c90a6c7d000732798f110d96e2f8464a8bf7,132214,70,confident,theme,mid,pop|electronic,mixed,love|heartbreak,same_vibe,romantic_tension|cinematic|mixed,negative
5af5d0c89c5e59a6582558178978dc55b0793d6c,134146,61,euphoric|playful,mixed,high,pop|dance_pop,mixed,love,same_vibe,romantic_tension|confident|party,positive
febe38112a0a73e7534a5ec1f80dd81c8ad20723,134528,63,melancholic|uplifting,mixed,mid,pop,mixed,love|conflict,same_vibe,cinematic|mixed|high_arousal,positive
4aa267caf12f85a2ef8ccac9ee4b488dce9c708d,135565,55,confident,theme,mid,pop|electronic,mixed,love|heartbreak,same_vibe,chill|romantic_tension|mixed,negative
01b6ec794edbb0c9757ffd5d7aecebc70072e737,137278,69,confident|uplifting,mixed,high,pop|dance_pop,mixed,love,same_vibe,party|romantic_tension|mixed,positive
9c8aadb35f6bd169dedc108aab448ac632364f1d,139007,41,confident|uplifting,theme,mid,pop|electronic,mixed,love,same_vibe,dancefloor|party|chill,positive
f73606ac3e5d192bf3c9598c4c2d6209033aeabc,140110,63,euphoric|playful,mixed,mid,pop|dance_pop,mixed,love,same_vibe,romantic_tension|confident|chill,positive
3eb9ef10b746348e0fa5ac4cebedfad26b27bd6e,140309,47,confident|uplifting|playful,theme,mid,pop|dance_pop,mixed,love,same_vibe,romantic_tension|party|chill,positive
4d5facc232484032bcccc9633403216fc18135f7,141143,50,uplifting|confident,mixed,mid,pop|indie,mixed,love|resilience,same_vibe,chill|mixed|high_arousal,positive
f076157eea827df77163dbabcf5ad34737599bcd,141767,58,euphoric|playful,theme,high,pop|dance_pop,mixed,love,same_vibe,romantic_tension|confident|party,positive
e250a54b33a24d98c98ba9b3476019dcf2fa31a8,141788,45,uplifting|confident,mixed,mid,pop|dance_pop,mixed,love,same_vibe,party|chill|mixed,positive
60e64008247edd5ec9977448ad6a069ae05fc1b2,142274,56,euphoric|playful,mixed,high,pop|dance_pop,mixed,love,same_vibe,romantic_tension|confident|party,positive
3edec89e7029fffec5d89f57ab3171f4dc6fa1d3,142372,49,euphoric|playful,theme,high,pop|dance_pop,mixed,love,same_vibe,romantic_tension|confident|party,positive
cff539af381b9e47d380318bbaa0cc1987d142b1,143293,42,euphoric|playful,theme,high,pop|dance_pop,mixed,love,same_vibe,romantic_tension|confident|party,positive
787682635376855dd42c580a4fa628c4de69711b,144005,94,confident,theme,mid,pop|soundtrack,mixed,love|depression,cooldown,romantic_tension|cinematic|mixed,negative
b3b877741510d9c9ba442386d13fd11360d588df,145717,48,euphoric|playful,mixed,high,pop|dance_pop,mixed,love,same_vibe,romantic_tension|chill|confident,positive
58433a7ad00b9d92429878c54b43ef38fafdc3d8,146273,49,euphoric|playful,mixed,high,pop|dance_pop,mixed,love,same_vibe,romantic_tension|confident|party,positive
9b3b1cdf38ad6df12bfa3be4ced8c1b06018cec9,147300,49,euphoric|confident,theme,high,pop|dance_pop,mixed,love,same_vibe,romantic_tension|party|chill,positive
32631c28ed28cbd7486b5665f8a94809bf43f90d,148054,40,euphoric|playful,mixed,high,pop|dance_pop,mixed,love,same_vibe,romantic_tension|confident|party,positive
84e61ee625bccf02b5961b6085851e4e1863309d,148254,92,playful|dreamy,mixed,mid,pop|electronic,mixed,love|heartbreak,same_vibe,theatrical|confident|mixed,negative
bf842279ff723cae3fb62864e35f1f4c7150d51e,148877,85,euphoric|playful,mixed,high,pop|dance_pop,mixed,love,same_vibe,romantic_tension|confident|party,positive
96ec1a4110ae711a1d5e7ac85b15d2e74dfcd841,150718,156,euphoric|playful|dreamy,theme,high,pop|electropop,mixed,love|self_expression,same_vibe,theatrical|confident|mixed,positive
f7fe2f2af76177b04da00bce619862fbc388265e,151646,38,euphoric|playful,mixed,high,pop|electropop,mixed,love,same_vibe,romantic_tension|chill|confident,positive
23afe82fa54678f17be09d4ad3becad689820a71,154189,46,confident|uplifting,mixed,high,pop|dance_pop,mixed,love,same_vibe,party|romantic_tension|mixed,positive
d76f7b591e0c7310d413521edd44d72095a8f720,155926,57,euphoric|playful,mixed,high,pop|dance_pop,mixed,love,same_vibe,romantic_tension|confident|party,positive
03c62c71167925b1b5adaafbf4a4e27c21a94bca,158458,89,confident|romantic,mixed,high,pop|dance_pop,mixed,celebration,same_vibe,party|romantic_tension|mixed,positive
4bbeddb80ec14bf0d668c0cb1153f03c5a18a6f1,158847,84,melancholic|uplifting,theme,mid,pop|soundtrack,mixed,love|conflict,same_vibe,cinematic|mixed|high_arousal,positive
87c789590c002220a1b571347d10cb7dc63771f2,160352,49,mixed,theme,mid,pop|soundtrack,mixed,love|conflict,cooldown,cinematic|mixed|high_arousal,negative
e22e66698a32b81a01aa66d97ec5d66f07c8ca57,160884,40,confident|uplifting,mixed,high,pop|dance_pop,mixed,love,same_vibe,party|romantic_tension|mixed,positive
d0af04118c109d5506dfe2d1aa21475b724a2acd,161236,60,uplifting|confident,mixed,mid,pop|dance_pop,mixed,love,same_vibe,romantic_tension|party|chill,positive
af0ddc87ee664af1ab54c0443684f849e4ad65ad,161786,95,melancholic|uplifting,theme,mid,pop|indie,mixed,love|conflict,same_vibe,cinematic|mixed|high_arousal,positive
cf17ed9c2cb88d2f5c4648468b9064a783645f00,164548,41,confident,mixed,mid,pop|soundtrack,mixed,love|depression,cooldown,romantic_tension|cinematic|mixed,negative
dded94a930c4338ebf09c838e2fa716a7eae88ac,165178,50,euphoric|playful,mixed,high,pop|dance_pop,mixed,love,same_vibe,confident|party|mixed,positive
fb4b114bf276d99b2d6e3bd3e16298482c49acf5,165330,34,confident|uplifting|playful,theme,mid,pop|dance_pop,mixed,love,same_vibe,romantic_tension|chill|mixed,positive
5bb5162e0f403def354e05c28439f02884b19b3e,166427,44,uplifting|confident,theme,high,pop,mixed,love|celebration,same_vibe,chill|mixed|high_arousal,positive
b28b9b64289783b3711f59190a8f1b39b4f2874d,167150,39,euphoric|playful,mixed,high,pop|dance_pop,mixed,love,same_vibe,romantic_tension|confident|party,positive
43fcd1dca9c2d7e32c79deb0f39a9fef1a952111,167170,49,melancholic|uplifting,theme,mid,pop|soundtrack,mixed,love|conflict,same_vibe,cinematic|mixed|high_arousal,positive
1df8372e755dddeef3e2961552e8395af60c0cf7,167827,50,euphoric|playful,mixed,high,pop|dance_pop,mixed,love,same_vibe,confident|party|mixed,positive
46beb99990cc5beba717aa6b1eb1c6dfbea7654f,168054,38,confident|playful,mixed,high,metal|punk,mixed,depression|conflict,cooldown,aggressive|mixed|high_arousal,negative
35261204519aced6f223695cbcba9c6eb77d2874,169512,49,euphoric|playful,mixed,high,pop|dance_pop,mixed,love,same_vibe,romantic_tension|confident|party,positive
4f6ada0e087e8e46614a8f4907f2aa5bcf3b3b55,172044,60,euphoric|playful|chill,theme,high,pop|electropop,mixed,love,same_vibe,theatrical|confident|mixed,positive
ec9bce7a418040f6928bb01848c99f802dd37500,175353,93,confident|playful,theme,high,rock|alt_rock,mixed,depression|conflict,cooldown,theatrical|cinematic|mixed,negative
113c624a4efe02118e2b87fc5dacc1c76c776191,175575,82,confident|playful,theme,mid,pop|electropop,mixed,love|heartbreak,same_vibe,theatrical|mixed|high_arousal,positive
59ad892ef78251da2270ffc9de4e08325d4f6237,178405,91,euphoric|playful,mixed,high,pop|dance_pop,mixed,love,same_vibe,romantic_tension|confident|party,positive
e5700670e108752ea3767ad0d7970d039b1a0065,178763,50,confident|playful,theme,mid,pop|dance_pop,mixed,love,same_vibe,romantic_tension|party|chill,positive
ec1ce4f18fa66a975a215e4c8f98e04fc5458b97,178796,51,uplifting|confident,theme,mid,pop|dance_pop,mixed,love,same_vibe,chill|romantic_tension|party,positive
422adf597e43a52906626dab2cfcc2dcd2c3fdc3,180444,66,confident|uplifting|playful,theme,mid,pop|dance_pop,mixed,love,same_vibe,romantic_tension|chill|mixed,positive
50f72b3547b3e74e6f031b8f68522f0d4c086d8d,180872,33,melancholic,theme,low,rock|alt_rock|pop,mixed,love|heartbreak,cooldown,cinematic|mixed|high_arousal,negative
a6feddfe1995fc959fe9ef073473b944dc9b901f,181846,40,euphoric|playful,theme,high,pop|dance_pop,mixed,love,same_vibe,romantic_tension|confident|party,positive
92ad998fca8dbfa1f7d837a36279c3c41f15bb82,183051,68,euphoric|playful,theme,high,pop|dance_pop,mixed,love,same_vibe,romantic_tension|confident|party,positive
e13e1e82bc24b708383cd57244a94e37244d5029,184674,52,confident,theme,mid,pop|soundtrack,mixed,love|depression,cooldown,romantic_tension|cinematic|mixed,negative
687f847685ef9661e124de2db0275a1113ee14e0,185258,75,uplifting|playful,theme,high,pop|dance_pop,mixed,love|self_expression,same_vibe,theatrical|confident|mixed,positive
50e69f34ba349f12a35e0004f0b8ace416122bad,186139,48,uplifting,theme,mid,pop|electronic,mixed,love,same_vibe,romantic_tension|confident|mixed,positive
131bc59768c02c3f748f7e583b6a1c1ceefe9525,187204,83,uplifting|playful,mixed,mid,pop,mixed,love,same_vibe,chill|confident|mixed,positive
8f4fa56f15ccc1dfddae20d4317add6a5fda5af6,187821,48,confident|euphoric,theme,high,pop|dance_pop,mixed,love,same_vibe,party|romantic_tension|mixed,positive
8a85baecdf8296df2f9ce20cbe0d9f2eed9e7c8d,188759,47,confident,theme,mid,pop|electronic,mixed,love|heartbreak,same_vibe,romantic_tension|cinematic|mixed,negative
4c7c52903be5ed9e1aeea3c78cc3b8e836d26e55,188781,46,melancholic|uplifting,theme,mid,pop|soundtrack,mixed,love|conflict,same_vibe,chill|mixed|high_arousal,positive
43504e17f93874d7649e7a2292bb84f9e01263b5,189251,51,confident,theme,mid,folk|country,mixed,love|loneliness,same_vibe,romantic_tension|cinematic|mixed,negative
b9a721518cd8f2d087a53478aa667995e4be0148,189365,54,euphoric|confident,mixed,high,pop,mixed,love,same_vibe,romantic_tension|chill|mixed,positive
7d2769debfde04d10b0b6487da6533dd331f8eb9,190251,34,uplifting|confident,mixed,high,pop|electronic,mixed,love,same_vibe,romantic_tension|chill|party,positive
2a3eb7465a865c65fd1d837c8f0cdb4ad67be9fb,190752,59,euphoric|playful,mixed,high,pop|dance_pop,mixed,love,same_vibe,romantic_tension|confident|party,positive
b195aa239fe8f93661ac3431a9830d703ff63add,191484,23,confident|uplifting,mixed,high,pop|electropop,mixed,mixed,same_vibe,dancefloor|party|mixed,positive
64b3fdf60f1e6fda2c7a3ab94df98eb460cd335b,192835,41,confident|uplifting,mixed,high,pop|dance_pop,mixed,love,same_vibe,party|romantic_tension|mixed,positive
8782ffdc6562186c842da27352dfea6be848dfbd,193207,39,confident|uplifting,theme,mid,pop|electropop,mixed,love|resilience,same_vibe,romantic_tension|chill|mixed,positive
5afd10380fcbe778a2689480608af6d94bee7bc4,193538,77,euphoric|playful,mixed,high,pop|dance_pop,mixed,love|desire,same_vibe,theatrical|confident|mixed,positive
5ad2048c947919d82cde7e5e45769e1f824c0459,195565,50,euphoric|confident,theme,high,pop|dance_pop,mixed,love,same_vibe,romantic_tension|chill|party,positive
52300927e3f77166956800f9d0e1cdc1c1f7aaca,196158,51,euphoric|playful,theme,high,pop|dance_pop,mixed,love,same_vibe,romantic_tension|chill|confident,positive
6eee844b383233324f09be126484c964137e2d18,196864,35,uplifting|confident,theme,mid,pop|dance_pop,mixed,coming_of_age,same_vibe,chill|mixed|high_arousal,positive
9017bc6b7e4ee9effe19affcc0de30ad3c8db1e6,202415,39,euphoric|playful,theme,high,pop|dance_pop,mixed,love,same_vibe,romantic_tension|confident|party,positive
8af64af21221165ba8391a87bacf9c62653397aa,203650,48,euphoric|playful,mixed,high,pop|dance_pop,mixed,love,same_vibe,romantic_tension|chill|confident,positive
db905eaebcf2ef8a7560f50e949bee27bffb9f9c,204606,96,euphoric|playful,mixed,high,pop|dance_pop,mixed,love,same_vibe,romantic_tension|chill|confident,positive
79b4014f507b9e9b6b8048e11db5a3c7dadd9ada,205144,32,confident,theme,mid,pop,mixed,love|depression,cooldown,romantic_tension|cinematic|mixed,negative
283150296577aa23e6d4101927e6dc7a79050c6f,205512,70,euphoric|playful,theme,high,pop|dance_pop,mixed,love,same_vibe,romantic_tension|confident|party,positive
87ebbcddce94b90d18ebdcc415617e58f4f01379,206023,22,confident,theme,mid,pop|soundtrack,mixed,love|depression,cooldown,romantic_tension|cinematic|mixed,negative
92682c3aa682a4a38e01ff08daddc4bd4768575a,206427,64,confident|uplifting,mixed,high,pop|dance_pop,mixed,love,same_vibe,party|romantic_tension|mixed,positive
85eb8f8ea47f641a9184a405f683794c37aa2bde,207321,53,euphoric|confident,theme,mid,pop|dance_pop,mixed,love,same_vibe,romantic_tension|party|chill,positive
d77e5ddf963959976dd1e4a037cc54a4b692801c,209731,41,uplifting|playful,mixed,high,pop|electropop,mixed,love,same_vibe,theatrical|confident|mixed,positive
b601569655400beb22df4b93c221662d4b01bc2c,209785,58,euphoric|playful,mixed,high,pop|dance_pop,mixed,love,same_vibe,romantic_tension|confident|party,positive
fb4c3babb614443424aeb8e871450c72c9b6d2a7,211569,76,euphoric|playful,mixed,high,pop|electropop,mixed,love,same_vibe,romantic_tension|confident|chill,positive
15d5dfc452e20a6e6710bd7a2a965f4df30be0c0,212693,40,confident|uplifting,theme,mid,pop|electropop,mixed,love,same_vibe,dancefloor|party|chill,positive
34cbf680b80c6ac75f1f081320e9191dcd0ebf6c,214627,43,uplifting|confident,mixed,mid,pop|dance_pop,mixed,love,same_vibe,party|chill|mixed,positive
33a9b976bacea6007bbefc53238271028b8e7d53,216067,84,euphoric|confident,theme,high,pop|dance_pop,mixed,love,same_vibe,romantic_tension|party|chill,positive
8a7b2302c0bb2b512a6cdeb37e72894efba3656e,218252,75,romantic,theme,high,pop|rock,mixed,love,same_vibe,theatrical|confident|mixed,positive
ad73f3493154d1a04b819b878f3af0bd1b045720,220325,42,uplifting|confident,theme,mid,pop|electropop,mixed,love,same_vibe,chill|romantic_tension|mixed,positive
ecc63f576001e464e9e418b38c0622a7d30c48d6,220522,44,confident|uplifting,mixed,high,dance_pop|electronic,mixed,mixed,same_vibe,party|workout|mixed,positive
f634cf129483f4241b5c630d5084a45cd86be5e7,220916,22,confident,theme,mid,pop|soundtrack,mixed,love|depression,cooldown,romantic_tension|cinematic|mixed,negative
512a9ff1e3fe73da56277cf1f0242571fb8c41de,220971,61,melancholic|uplifting,theme,mid,pop|soundtrack,mixed,love|conflict,same_vibe,cinematic|mixed|high_arousal,positive
10d23496c0568621c9734fe2c178162087136438,221392,54,uplifting,theme,high,pop,mixed,love,same_vibe,romantic_tension|confident|mixed,positive
de904b5c0965e41a796b7dac9abbaed4571c6689,221414,52,confident,theme,mid,pop|electronic,mixed,love|conflict,same_vibe,cinematic|romantic_tension|mixed,negative
e943a97e7e19c973a6f9139d0e12be317c431079,221844,23,confident|melancholic,theme,mid,pop,mixed,love,same_vibe,romantic_tension|chill|mixed,negative
8ab976453e90aba86774cb6d09a6e03f0858f1c3,223550,124,uplifting|confident,mixed,high,pop,mixed,love,same_vibe,dancefloor|party|mixed,positive
1c4352a4c04befe736309897bc5e4ddaa42f927f,223842,91,melancholic|uplifting,theme,mid,pop|indie,mixed,love|conflict,same_vibe,cinematic|mixed|high_arousal,positive
06823629dc8c8eab28a8fe6ad5aa15113ec1b763,224337,60,euphoric|confident,theme,high,pop|dance_pop,mixed,love,same_vibe,romantic_tension|party|chill,positive
488b957c543d8136a967b6a12f228c8a456875e9,225448,60,confident,theme,mid,pop|country,mixed,love,same_vibe,romantic_tension|cinematic|mixed,negative
79a3893cd0db1bea7b063c380d8267bbf5ea3100,225974,41,confident,theme,mid,pop|indie|soundtrack,mixed,love|heartbreak,same_vibe,romantic_tension|cinematic|mixed,negative
b0ca31e0122951c90a0e1da1edb98a9051e1d9f9,226295,65,euphoric|confident,mixed,high,pop,mixed,love,same_vibe,romantic_tension|chill|confident,positive
31b5cda44ba64c10e08e406a1e482519da7cd48f,226862,47,euphoric|confident,theme,high,pop|dance_pop,mixed,love,same_vibe,romantic_tension|chill|party,positive
545c0d04f3c020c7a71b5ad229d01fd17dd6b7fc,226884,102,euphoric|playful,mixed,high,pop|dance_pop,mixed,love,same_vibe,romantic_tension|confident|party,positive
9d5ad0033f625e5cf11fc80b13b62f83dc8bf35e,227360,48,euphoric|playful,theme,high,pop|electropop,mixed,love,same_vibe,theatrical|confident|mixed,positive
fbf25e646ac713854ee61565dfc8e6a6d75d7331,228436,42,euphoric|playful,mixed,high,pop|dance_pop,mixed,love,same_vibe,romantic_tension|chill|confident,positive
5ee87d675cb58e3b6a69684551987b80ab2bfe86,230275,60,uplifting|confident,mixed,mid,pop|dance_pop,mixed,love,same_vibe,chill|party|mixed,positive
83ab65f8a3728b59264088af470ba719455021d5,231472,111,euphoric|playful,mixed,high,pop|dance_pop,mixed,love,same_vibe,theatrical|confident|mixed,positive
545694276119e54fb07062c3d8cfcd710914a933,233615,52,euphoric|confident,theme,high,pop|dance_pop,mixed,love,same_vibe,romantic_tension|chill|party,positive
897598d65e0666040d7ab3a022c5d3bb1c693179,235631,50,euphoric|playful,theme,high,pop|dance_pop,mixed,love,same_vibe,romantic_tension|confident|party,positive
5908394593fb49f1b551bf7f27306289324fd65e,235901,63,uplifting|confident,theme,mid,pop,mixed,love,same_vibe,chill|mixed|high_arousal,positive
ff7ab78f2c56e2cfd7e456b5acc2e980d9ca5116,238253,66,confident,theme,mid,pop|soundtrack,mixed,love|conflict,same_vibe,cinematic|romantic_tension|mixed,negative
071166f7e3f2337db072207a5fae68f222269cc7,239154,47,euphoric|playful,theme,high,pop|electropop,mixed,love|desire,same_vibe,theatrical|confident|mixed,positive
8433139e3dff1415e4680caa3f89aff9851c5423,239628,52,euphoric|playful,mixed,high,pop|dance_pop,mixed,love,same_vibe,theatrical|confident|mixed,positive
d951fc3d23f49857e0ec67c6aa7a82ff244b266d,240166,64,uplifting|confident,theme,mid,pop|dance_pop,mixed,love,same_vibe,romantic_tension|party|chill,positive
dcca8cd054d1270cb44f94ff38dde7d8651d343e,241884,36,uplifting|confident,mixed,mid,pop|dance_pop,mixed,love,same_vibe,romantic_tension|chill|party,positive
1ef4b79f4201f8564593da9528238c10bd35b458,245170,40,euphoric|playful,mixed,high,pop|dance_pop,mixed,love,same_vibe,romantic_tension|confident|party,positive
53c5587540bd5ec537d466eaf55fca87684a4f41,245448,47,euphoric|playful,theme,high,pop|electropop,mixed,love,same_vibe,theatrical|romantic_tension|confident,positive
47543d604ff7791bfb6baed46a8e3944358e7463,247134,51,confident,theme,mid,pop|soundtrack,mixed,love|heartbreak,same_vibe,romantic_tension|cinematic|mixed,negative
6982f4fd6b37f62b333cc40880dfb6175f4dd305,247926,65,uplifting|confident,mixed,mid,pop|dance_pop,mixed,love,same_vibe,romantic_tension|party|chill,positive
30f08261600e0703b15268f052b070f5f081a081,248094,48,euphoric|playful,mixed,high,pop|dance_pop,mixed,love,same_vibe,romantic_tension|chill|confident,positive
786f3bcae1e264d865d1a6ffcd6d4768474c5ae6,249427,46,euphoric|playful,theme,high,pop|dance_pop,mixed,love,same_vibe,romantic_tension|chill|confident,positive
914efc2b653e437445f10a2f5bf85b84d87fb2f3,250527,47,confident,theme,mid,pop|country,mixed,love|heartbreak,same_vibe,romantic_tension|heartbreak|mixed,negative
7ef0fa4875c5477659e13ceb26b355564fbeb53b,251432,54,uplifting|confident,theme,high,pop,mixed,love,same_vibe,dancefloor|party|mixed,positive
9a83819fb2b61a0805793d016bc7844cc4b9c9b5,253555,46,euphoric|playful,theme,high,pop|dance_pop,mixed,love,same_vibe,romantic_tension|chill|confident,positive
d699a9c58c15d7f17c1b5aa5ad566a5eaa6cdc9a,254657,81,uplifting|playful,mixed,mid,pop,mixed,love,same_vibe,chill|confident|mixed,positive
d05a5c54428f435b389d71b40e39a03fd52a29c6,254878,119,confident|uplifting,theme,high,pop|electropop,mixed,love,same_vibe,dancefloor|romantic_tension|mixed,positive
9d503fce31ee477b87c29c1d38bca44cfb845ad1,256537,94,confident|uplifting|playful,theme,mid,pop|dance_pop,mixed,love,same_vibe,romantic_tension|chill|mixed,positive
6b24258f09a41c563b9da2b71641d186a291d50d,257925,43,melancholic|romantic,mixed,low,pop|indie,mixed,love,same_vibe,cinematic|mixed|high_arousal,positive
045654439ca46755960ff31f5ce50a3248988e7b,259360,41,euphoric|playful|chill,mixed,high,pop|electropop,mixed,love,same_vibe,theatrical|confident|mixed,positive
e527ad698f7a12aa551029e3f54254968ebe1625,260414,55,euphoric|playful,theme,high,pop|dance_pop,mixed,love,same_vibe,romantic_tension|chill|confident,positive
24f1beca3b01f13b8a840b3498c173d948678389,261025,40,uplifting|confident,theme,mid,pop|indie,mixed,love|coming_of_age,same_vibe,chill|mixed|high_arousal,positive
7b2570dcddffbed87b184f791b8db29b539f2978,261138,45,euphoric|confident,theme,high,pop|dance_pop,mixed,love,same_vibe,romantic_tension|party|chill,positive
87813c15fab26eded0bb62fbb9e6ad56da1817fb,261262,41,confident|uplifting,mixed,high,pop|dance_pop,mixed,love,same_vibe,romantic_tension|chill|party,positive
b8ceb1259025a5037164199e150272d42a3b7598,261295,88,uplifting|playful,mixed,mid,pop|dance_pop,mixed,love,same_vibe,chill|confident|mixed,positive
f9e9c6c2a95159b7ff2ae43c759e1f40d29a1785,261508,45,euphoric|playful,theme,high,pop|electropop,mixed,love,same_vibe,romantic_tension|confident|party,positive
0a3485b3d2da7486fd04d50362f1e3a0dcce54be,263951,60,euphoric|confident,theme,high,pop|dance_pop,mixed,love,same_vibe,romantic_tension|chill|party,positive
13b283baab929d05b77f6c7ae377ef7cbc3230bd,264111,48,euphoric|playful,mixed,high,pop|dance_pop,mixed,love,same_vibe,romantic_tension|confident|party,positive
5ac724e2834732ea6719501ea60548d692be604c,264778,43,confident,theme,mid,pop|soundtrack,mixed,love|depression,cooldown,romantic_tension|cinematic|mixed,negative
f087012469e0e14f4b1cf6bddbadcbc4bbd2635c,265164,50,euphoric|playful,theme,high,pop|dance_pop,mixed,love,same_vibe,romantic_tension|confident|party,positive
6a0ba85e41ce65d98bc44ccde12d692c60882f0e,265666,59,uplifting|confident,mixed,high,pop|dance_pop,mixed,love,same_vibe,chill|party|mixed,positive
d6d7d49a696629bd1e4217cb0b9ab367451b85b0,265978,62,confident,theme,high,rock|alt_rock,mixed,love|escape,same_vibe,mixed|high_arousal|nostalgic,positive
ed73f8a7c22d419a58ef84bb7fdce09ba76f6de0,266285,108,euphoric|playful,mixed,high,pop|dance_pop,mixed,love,same_vibe,romantic_tension|confident|party,positive
5d6a5f331e7d77ff37450d57ad2eee982b31f612,267309,45,uplifting|confident,theme,mid,pop|dance_pop,mixed,love,same_vibe,romantic_tension|party|chill,positive
cfd33c8debfaf1b0b5a8d02a27aa00fcde5e6a09,268882,43,confident|uplifting,theme,mid,pop|dance_pop,mixed,love,same_vibe,romantic_tension|chill|party,positive
4da71615256aac5e440abaed144f205f8e79adbf,268957,72,euphoric|playful,mixed,high,pop|dance_pop,mixed,love,same_vibe,theatrical|confident|mixed,positive
35e248e327c9e32cdc76de34b64ca738fdbd1e30,271498,73,confident,theme,mid,pop|soundtrack,mixed,love|depression,cooldown,romantic_tension|cinematic|mixed,negative
f46f33de8f446e10001d3d350bc7334c24b16850,272641,54,confident,theme,high,pop|electronic,mixed,love|heartbreak,same_vibe,romantic_tension|cinematic|mixed,positive
503021b7b012959351120b151a6575764b1afa9f,274152,44,confident|romantic|uplifting,theme,high,pop|dance_pop,mixed,mixed,same_vibe,romantic_tension|party|mixed,positive
99890c37256608e5debdbfaf4c33613c46e9c7e4,275296,79,euphoric|playful,mixed,high,pop|dance_pop,mixed,love,same_vibe,romantic_tension|chill|confident,positive
e8bac4ce8e49b869ead01b1d638339e6d576c138,275665,40,euphoric|playful,theme,high,pop|dance_pop,mixed,love,same_vibe,theatrical|confident|mixed,positive
02694711cece48b7de2efcdec98f17dd38c82566,277812,40,euphoric|playful,mixed,high,pop|dance_pop,mixed,love,same_vibe,romantic_tension|confident|party,positive
4a66bc485ba694abcc33f80b759d8cf81f94329f,278135,67,euphoric|playful,theme,high,pop|dance_pop,mixed,love|heartbreak,same_vibe,theatrical|confident|mixed,positive
14a3985c46676d6f8b542443f0067ca99fc1f59e,281036,61,uplifting|confident,theme,mid,pop,mixed,love,same_vibe,chill|mixed|high_arousal,positive
d337ae26cfb874e014700b36f5877dbfef070f7f,281065,62,euphoric|playful,theme,high,pop|dance_pop,mixed,love,same_vibe,romantic_tension|confident|party,positive
2a9f053091b282da3cb0bab2932f58c24d35185b,281701,41,confident|uplifting|playful,theme,high,pop|electropop,mixed,love,same_vibe,dancefloor|party|mixed,positive
ec6df86aa7594ac9c28064db0d10655ca2d750ed,283423,62,euphoric|playful,theme,high,pop|rock,mixed,love|heartbreak,same_vibe,theatrical|confident|mixed,positive
074e6e7df2dc94987148e47ca7f24f315e4f1e56,283972,52,euphoric|playful,mixed,high,pop|dance_pop,mixed,love,same_vibe,theatrical|confident|mixed,positive
85fd8215e75a46d138984bc807892f28a2cf5f8f,284045,25,euphoric|playful,mixed,high,pop|dance_pop,mixed,love,same_vibe,romantic_tension|confident|party,positive
21900c3e5a6595e702292bde14adaa807f1eefa5,285118,72,melancholic,theme,high,pop|rock,mixed,love|heartbreak,cooldown,theatrical|romantic_tension|mixed,negative
32feaa0feec3cd5c12c1cd6a9d1a685bf1a0b223,285684,44,confident|uplifting|playful,theme,high,pop,mixed,love,same_vibe,dancefloor|party|mixed,positive
eb94b3e191f0076d1c826ebc2a405c8099c82113,287802,60,euphoric|playful,mixed,high,pop|dance_pop,mixed,love,same_vibe,romantic_tension|chill|confident,positive
67f2ccb6065008c57d8bbd705b7edaf8a3d30570,289079,57,confident|uplifting|playful,theme,high,pop|electropop,mixed,love,same_vibe,dancefloor|party|mixed,positive
4d189ec11ae9ec44967993fd6fef41249fb19ce6,289547,39,euphoric|playful,mixed,high,pop|dance_pop,mixed,love,same_vibe,romantic_tension|chill|confident,positive
f2b83de7e666e226d0b6e712a35d290fde9e43c9,290687,49,euphoric|playful,mixed,high,pop|dance_pop,mixed,love,same_vibe,romantic_tension|confident|party,positive
b1002188c3422b14c4d41acfa9155392ffdf5292,292452,60,melancholic|uplifting,theme,mid,pop|soundtrack,mixed,love|conflict,same_vibe,cinematic|mixed|high_arousal,positive
967bf28583a3975c55fff5f92469c1670829d2a6,293626,81,melancholic|uplifting,theme,mid,pop|soundtrack,mixed,love|conflict,same_vibe,cinematic|mixed|high_arousal,positive
231a4568ba7418642ce092e62c78bda232393424,295634,120,confident|uplifting,theme,high,pop|electropop,mixed,mixed,same_vibe,dancefloor|party|mixed,positive
2e99ed29d871acb872bbe403ef691680993659bf,298130,31,euphoric|confident,theme,high,pop|dance_pop,mixed,love,same_vibe,romantic_tension|chill|party,positive
e4e11af30f50318c9548936a402a3b1e123b9717,299435,35,uplifting,theme,mid,pop|electropop,mixed,love|conflict,same_vibe,romantic_tension|chill|mixed,positive
0fb23e84fa34f380528a84a3a6dd2c16c05c8504,299436,53,confident,theme,mid,pop|soundtrack,mixed,love|conflict,same_vibe,romantic_tension|cinematic|mixed,negative
21c4b8cbd8fc398b80a40636ef452ee17ca696a5,300813,41,confident|uplifting,theme,high,pop|electropop,mixed,love,same_vibe,dancefloor|romantic_tension|mixed,positive
20b460a7ea11ceb9a5f0e71af549f86924114d27,302989,45,euphoric|confident,mixed,high,pop|dance_pop,mixed,love,same_vibe,romantic_tension|confident|party,positive
c42551857d90e443b77b9741b0121e61bad30fb9,304606,104,confident,theme,mid,pop|country,mixed,love|depression,same_vibe,romantic_tension|cinematic|mixed,negative
1ee7b6374ad9882f3e3c9b162e30ffb6a99868a4,306122,63,euphoric|playful,mixed,high,pop|dance_pop,mixed,love,same_vibe,theatrical|confident|mixed,positive
4d4839a1c4128f7d3e3628df162a39cdc2a0db40,306609,47,confident|uplifting|playful,theme,mid,pop|dance_pop,mixed,love,same_vibe,romantic_tension|party|chill,positive
f78b5663e2525d1bac4164db10d26d4bb8b1a308,307173,52,euphoric|playful,mixed,high,pop|dance_pop,mixed,love,same_vibe,romantic_tension|confident|party,positive
184ce89e9da7249e6029213d66b9bcd0f275c7b5,308502,48,euphoric|playful,mixed,high,pop|dance_pop,mixed,love,same_vibe,romantic_tension|chill|confident,positive
39cd98f7f17eee5893f099d9380edaa71bcfac48,309818,74,confident,theme,mid,pop|soundtrack,mixed,love|depression,cooldown,romantic_tension|cinematic|mixed,negative
efe96bd3af2ccc3d52e61a3fc9151eb08f5b6755,310063,44,uplifting|confident,mixed,mid,pop,mixed,love,same_vibe,chill|mixed|high_arousal,positive
8403203a6908b5b66d0d4be4fdb4d588a94a6d6a,311742,43,euphoric|playful,mixed,high,pop|dance_pop,mixed,love,same_vibe,romantic_tension|confident|chill,positive
8e6ab8a2d18eeddff81930d7d2f0197a8365822b,312480,56,uplifting|confident,theme,mid,pop|dance_pop,mixed,love,same_vibe,party|chill|mixed,positive
cc4834b363136d91d6ff6ed8a2fd3e44a106b212,312597,43,uplifting|confident,mixed,mid,pop|indie,mixed,love|coming_of_age,same_vibe,chill|mixed|high_arousal,positive
b053444d7d84e6be02245d9d486ab17423012360,312876,81,euphoric|playful,mixed,high,pop|dance_pop,mixed,love,same_vibe,theatrical|confident|mixed,positive
57ddc2607fe0e34b589dce67aeb42cb5d792875a,313576,50,confident|romantic|uplifting,mixed,high,rock|pop,mixed,love,same_vibe,mixed|high_arousal|nostalgic,positive
b49f7bfbdeac6b7f90bcd22ddf0fa19d11c0cc62,314094,74,confident|uplifting|playful,theme,mid,pop|dance_pop,mixed,love|self_expression,same_vibe,romantic_tension|chill|mixed,positive
3fe4e30861f00f125a879b358257928e5df7ad91,314863,57,uplifting|confident,mixed,mid,pop|dance_pop,mixed,love,same_vibe,romantic_tension|chill|party,positive
8f8475dd751b0b494515ce18f9658446f426ab8f,315005,73,melancholic|romantic,theme,low,pop|indie,mixed,love,same_vibe,chill|mixed|high_arousal,positive
5c1d728a5fa8dea95b482dbaee6fdef8eb759bac,315453,76,euphoric|playful,mixed,high,pop|dance_pop,mixed,love,same_vibe,romantic_tension|chill|confident,positive
542221c8d8e41cdfd3ec538e6b657cffbcd0b999,315563,56,uplifting|confident,mixed,mid,pop|dance_pop,mixed,love,same_vibe,party|chill|mixed,positive
815fa218a8b033160f79d79ceb56cc442d006b1a,317317,60,euphoric|playful,mixed,high,pop|dance_pop,mixed,love,same_vibe,romantic_tension|confident|party,positive
eac82d523140fb35ef729358a714d002fc3fe425,318953,36,euphoric|playful,theme,high,pop|dance_pop,mixed,love,same_vibe,confident|party|mixed,positive
2aef942676defab499f71e3261e2be26d53d4a77,319154,72,melancholic|uplifting,theme,mid,pop|rock,mixed,conflict,same_vibe,romantic_tension|chill|mixed,positive
841a08166f55672c6bfb4a5a5db080e2ab6d5b85,319213,41,euphoric|playful,mixed,high,pop|dance_pop,mixed,love,same_vibe,chill|confident|mixed,positive
d014491279f7dcd4c2eab1c1416200da46d551ff,320386,117,melancholic|romantic,theme,mid,pop|electronic,mixed,love|conflict,same_vibe,cinematic|mixed|high_arousal,positive
9c916f3b3235c1f6499b7a02c898e06a739fcefd,322398,43,confident|playful,theme,mid,pop|dance_pop,mixed,love,same_vibe,romantic_tension|chill|mixed,positive
e7f73f12fc5815ec74fddb6923859909882ff1b8,325642,44,confident|uplifting|playful,mixed,mid,pop|dance_pop,mixed,love,same_vibe,romantic_tension|chill|mixed,positive
044ad9683ed915c318e288fa04dc7a4879ddc934,325957,40,confident|playful,theme,mid,pop,mixed,love|heartbreak,same_vibe,theatrical|cinematic|mixed,negative
e2ebc9dcebdccbbe14af912b0cd1b8edf3026992,326784,46,melancholic|uplifting,mixed,mid,pop|soundtrack,mixed,love|conflict,same_vibe,cinematic|mixed|high_arousal,positive
016d64bc0087d603d3393b6ce739f03aa8e07a7d,327670,38,confident,theme,mid,pop|soundtrack,mixed,love|depression,cooldown,romantic_tension|cinematic|mixed,negative
e87092f316291e759ea07b168dc22e1719ad4c87,328892,54,melancholic|uplifting,mixed,mid,pop|soundtrack,mixed,love|conflict,same_vibe,cinematic|mixed|high_arousal,positive
0cf6288193bbaa7f944063cd5df84601a4bfdca0,329045,45,euphoric|playful,mixed,high,pop|dance_pop,mixed,love,same_vibe,romantic_tension|confident|party,positive
ae3ae29168ca8752520887ea9bbe420128676658,329151,49,confident|uplifting|playful,theme,mid,pop|dance_pop,mixed,love,same_vibe,romantic_tension|chill|mixed,positive
cbf5acc0f0f82acf43fc0d6f73c2a46c968ea5a2,329400,51,confident,theme,mid,pop|soundtrack,mixed,love|depression,cooldown,romantic_tension|cinematic|mixed,negative
ee8974f027949dcf95e020df51bfac8fa3613158,331999,40,uplifting|playful,mixed,mid,pop|dance_pop,mixed,love|coming_of_age,same_vibe,confident|chill|mixed,positive
6db9a6c16ffa9eb6293149b49284e352059cd5b2,332582,41,euphoric|playful,theme,high,pop|dance_pop,mixed,love,same_vibe,romantic_tension|chill|confident,positive
ec0ec90f6d794a31df5a15ae6f2632e5452498ab,332689,29,uplifting|playful,theme,high,pop|rock,mixed,love|heartbreak,same_vibe,theatrical|confident|mixed,positive
e06f310284b4265828f38239713d73a336025ef3,333085,92,melancholic,theme,low,classic_rock|folk,mixed,love|heartbreak,cooldown,cinematic|mixed|high_arousal,negative
d2b99f7cd2843901d9dc18b4b81f70ab041283e7,335534,41,euphoric|playful,mixed,high,pop|dance_pop,mixed,love,same_vibe,romantic_tension|confident|party,positive
de9e55fc52de9c28e9228f403141bafd0fd14834,335963,61,euphoric|playful,mixed,high,pop|dance_pop,mixed,love,same_vibe,romantic_tension|chill|confident,positive
aa6f3e8cb7379db5afb93d8abb4948ad85afac01,336742,39,euphoric|playful,theme,high,pop|dance_pop,mixed,love|desire,same_vibe,theatrical|confident|mixed,positive
8aa6f5114aa15082370af215f0f587927823887f,336759,51,confident|playful,theme,mid,pop|dance_pop,mixed,love,same_vibe,romantic_tension|party|chill,positive
c52495bd52655b24da4fe6cbcc7ac511bceab199,337682,40,euphoric|playful,mixed,high,pop|dance_pop,mixed,love,same_vibe,romantic_tension|confident|chill,positive
f91f30d0f857cb38a86df6b1a5b884cb984a2415,337986,47,confident|euphoric,theme,high,pop|dance_pop,mixed,love,same_vibe,party|romantic_tension|mixed,positive
ab922fdcab80cec8fe833a9aab9643a4f5694641,338449,45,mixed,theme,low,pop,mixed,heartbreak|desire,cooldown,romantic_tension|heartbreak|mixed,negative
bea20db4661cdd9244a69828ef446280c62eda17,339258,51,euphoric|playful,theme,high,pop|dance_pop,mixed,love,same_vibe,romantic_tension|confident|party,positive
6a20ef6aab5a0266cd38f074c740a086014c5c55,339327,44,euphoric|confident,theme,high,pop|dance_pop,mixed,love,same_vibe,romantic_tension|party|chill,positive
31d4862791bbd34993579f6edb07593790946958,340100,49,confident|playful,mixed,high,pop|dance_pop,mixed,love,same_vibe,romantic_tension|party|mixed,positive
90c1de119205b82cbe5450d59f24582c9014e1fc,340484,55,confident|uplifting|playful,theme,high,pop|electropop,mixed,love,same_vibe,dancefloor|party|mixed,positive
d03a86c4f5682c999328a141812f6ebdd0b0c7aa,340607,48,uplifting|confident,mixed,mid,pop|indie,mixed,love|resilience,same_vibe,chill|mixed|high_arousal,positive
3646c23c4bf7afcf4511c179422ae9295eb0020d,341455,73,confident|uplifting|playful,theme,mid,pop|dance_pop,mixed,love,same_vibe,romantic_tension|chill|mixed,positive
6ba8c142a70145f87c78f91eb00b10b7fe4159bc,342445,49,euphoric|playful,mixed,high,pop|dance_pop,mixed,love,same_vibe,romantic_tension|chill|confident,positive
b1e5d5b17478cc838185fb12952131f00deb7d66,344561,96,confident,theme,mid,pop|rock,mixed,love|heartbreak,same_vibe,romantic_tension|cinematic|mixed,negative
cfec82ecafcc501f587f0f6e320c07cd0976e6ac,344718,57,confident,theme,mid,pop|rock,mixed,love|heartbreak,same_vibe,romantic_tension|cinematic|mixed,negative
a8cf59fcaf4a93fdeac2197caacc144acb5e8fd3,344947,62,mixed,theme,mid,pop,mixed,love|heartbreak|desire,cooldown,mixed|high_arousal|nostalgic,negative
0f701a99153cafe6f91ef11b81cfa4576edaa91e,350071,55,confident|uplifting|playful,theme,high,pop|dance_pop,mixed,love,same_vibe,chill|party|mixed,positive
fa90e42f5be700ee3e0abd80668457c049ecc37d,351371,44,euphoric|playful,theme,high,pop|electropop,mixed,love,same_vibe,theatrical|confident|mixed,positive
857b4026959bb124c7429ef80e4dcc2905aa5fd8,352366,48,confident|uplifting|playful,theme,high,pop|electropop,mixed,love,same_vibe,dancefloor|party|mixed,positive
e348f92be9934f6f053d6a037e832db9d2dcfad5,352655,44,melancholic|uplifting,theme,mid,classic_rock|electronic,mixed,conflict|coming_of_age,cooldown,cinematic|roadtrip|mixed,positive
3b70e434c6f19e50031938f538bc4ab0f051a721,352932,80,confident|melancholic,theme,mid,pop|soundtrack,mixed,love|heartbreak,cooldown,cinematic|mixed|high_arousal,negative
9926f435e30921064e58bca13d3bbe3b7bbee207,356015,106,euphoric|playful,mixed,high,pop|dance_pop,mixed,love,same_vibe,romantic_tension|confident|party,positive
50e6e57c0bb5ccfe36e2738f8f25bf86d2b88e0c,356424,77,euphoric|playful,mixed,high,pop|dance_pop,mixed,love,same_vibe,romantic_tension|confident|party,positive
ef2264a517188ac5a7d2b0f23efb580c43a3429f,357076,39,euphoric|playful,theme,high,pop|rock,mixed,love|heartbreak,same_vibe,theatrical|confident|mixed,positive
644b3bde0148b6c4660cd9f1bedf910fde1987b8,360406,61,uplifting|confident,mixed,mid,pop,mixed,love,same_vibe,romantic_tension|chill|mixed,positive
f142df64bc2d35b7ca066a4a85f0c044fb59ad80,361691,94,euphoric|playful,mixed,high,pop|dance_pop,mixed,love,same_vibe,theatrical|confident|mixed,positive
6307f1d1e95b1a4a12e2d58ad5285eb90ee4c2c5,362083,44,confident,theme,mid,pop|soundtrack,mixed,love|depression,cooldown,romantic_tension|cinematic|mixed,negative
c3587e9d39cdd97f73f4ccbc20f496d700a6a668,364157,50,uplifting|confident,mixed,mid,pop|indie,mixed,love|resilience,same_vibe,chill|mixed|high_arousal,positive
367c2afcc802648173837f5125e478c23cfdd7df,364532,63,confident|uplifting|playful,theme,high,pop,mixed,love,same_vibe,dancefloor|party|mixed,positive
4a9d9a9ba127cd14d7d635832067ccdfa2bed246,364566,57,euphoric|playful,mixed,high,pop|dance_pop,mixed,love,same_vibe,romantic_tension|confident|chill,positive
4c709d11c58e7f21b58dcfa1a56e4e7370865756,366460,46,euphoric|playful,theme,high,pop|dance_pop,mixed,love|desire,same_vibe,theatrical|confident|mixed,positive
a15c8e8cb49b81e4ffb34a83f840cb718e9a96ba,366728,49,euphoric|confident,theme,high,pop|dance_pop,mixed,love,same_vibe,romantic_tension|party|chill,positive
428a2cd314750287e5f76bd89589c424bd074c8f,367076,59,melancholic|romantic,theme,mid,pop|electronic,mixed,love,same_vibe,confident|mixed|high_arousal,positive
0585e7fda8d0652559c72bd246bc53621580ec39,367266,114,uplifting|confident,theme,mid,pop|indie,mixed,love|coming_of_age,same_vibe,chill|mixed|high_arousal,positive
0e7867bf1f57f4a5b495a9ed1a2f260babbd31c8,368055,46,confident,theme,mid,pop|soundtrack,mixed,love|conflict,same_vibe,romantic_tension|cinematic|mixed,negative
a12d0dc8e06bae663a2297555a54e6d1e54a7eeb,368549,40,uplifting|confident,theme,mid,pop|indie,mixed,love,same_vibe,chill|acoustic|mixed,positive
fe8c571989dd0057edf3ddb466634a8715e9d2fe,369006,60,melancholic|romantic,theme,low,pop|indie,mixed,love|conflict,same_vibe,chill|mixed|high_arousal,positive
13561362e1d09de9c36dbe2eac61ebc812aad4a8,369178,100,euphoric|playful,mixed,high,pop|dance_pop,mixed,love,same_vibe,romantic_tension|confident|party,positive
a43c67d22f07cf3f973349560b65917699ec39c8,370262,43,confident,theme,mid,pop|electronic,mixed,love|depression,cooldown,romantic_tension|cinematic|mixed,negative
3e460db98356e136b0d755a2a51450e2497088cc,370323,52,euphoric|playful,mixed,high,pop|dance_pop,mixed,love,same_vibe,romantic_tension|confident|party,positive
59e9d1c5111fe3ecfd1c4ae61f2cee583c352026,372225,61,confident,theme,mid,pop|alt_rock,mixed,love|heartbreak,same_vibe,romantic_tension|heartbreak|mixed,negative
a5d255adfe11c8e966b32155624e8bbd6a4b64eb,372561,44,confident|romantic,mixed,high,pop|dance_pop,mixed,love,same_vibe,party|romantic_tension|mixed,positive
ed3129bdca2ffd27333fac88b12a8e4e3f10bc76,374264,37,euphoric|playful,mixed,mid,pop|dance_pop,mixed,love,same_vibe,romantic_tension|chill|confident,positive
da66edabca4251606ccc55c6e587e1db9b3926b4,374662,70,euphoric|playful,mixed,high,pop|indie,mixed,love,same_vibe,romantic_tension|confident|chill,positive
5a8b9db81974b906948a9f79272887f3ac5ea1c9,374926,53,euphoric|playful,theme,high,pop|electropop,mixed,love,same_vibe,theatrical|confident|mixed,positive
6eb7786632b97d7b2dec99c3a82ca8e394daf21f,375651,50,euphoric|playful,mixed,high,pop|dance_pop,mixed,love,same_vibe,romantic_tension|confident|party,positive
0518595464e0b599a361af96bbb7cf328f4be879,376270,101,euphoric|confident,theme,high,pop|dance_pop,mixed,love,same_vibe,romantic_tension|party|chill,positive
671bc32c94e3152077c27a16f25f6a81a831df63,378198,49,euphoric|playful,theme,high,pop|dance_pop,mixed,love,same_vibe,romantic_tension|confident|party,positive
3bf82ba6491e5e06605a9fecf421f347b5665e8f,379996,43,confident|uplifting,mixed,high,pop|dance_pop,mixed,love,same_vibe,party|romantic_tension|mixed,positive
b87caa95758bead370c0ccc3055844efd30e6bb4,380982,58,melancholic|confident,theme,mid,pop|indie,mixed,love|loneliness,same_vibe,chill|mixed|high_arousal,negative
c89f0438930e3b6a94bff977ffef1914e133532d,381585,51,euphoric|playful,theme,high,pop|electropop,mixed,love,same_vibe,romantic_tension|confident|party,positive
c94457c2eef8a8af100f8b8b76eb3a8b6795a1a0,382718,57,mixed,theme,mid,pop|rock,mixed,love|heartbreak,cooldown,cinematic|mixed|high_arousal,negative
ee9bd22bc11a3a9dfe33b4ed0075a7871be2abf3,384263,68,confident,theme,mid,pop|soundtrack,mixed,love|conflict,same_vibe,romantic_tension|cinematic|mixed,negative
9460fb22a03f435d7adaa29e8b4a637f157b0bf7,384273,32,euphoric|playful,mixed,high,pop|dance_pop,mixed,love,same_vibe,romantic_tension|confident|chill,positive
25f755d42db2bdb5b0bbb0584d3e24ed4121c98a,385704,48,euphoric|playful,mixed,high,pop|dance_pop,mixed,love,same_vibe,romantic_tension|confident|party,positive
2605db1f24d477a45581839a88994ea2ccc5f420,387404,45,euphoric|playful,mixed,high,pop|dance_pop,mixed,love,same_vibe,romantic_tension|confident|party,positive
aaa2b5fcc97bd400a700c2f54bf851a18565957c,391256,127,euphoric|playful,theme,high,pop|dance_pop,mixed,love,same_vibe,romantic_tension|chill|confident,positive
8b44186971fd13c52d8d2efa857a05d440068560,391591,65,euphoric|playful,theme,high,pop|dance_pop,mixed,love,same_vibe,romantic_tension|chill|confident,positive
53411f18670f8c06f7693de31bfb049815818325,394078,44,mixed,theme,mid,pop|indie,mixed,love|heartbreak,cooldown,romantic_tension|heartbreak|mixed,negative
d18a4e474bb39dea35a4c5a25cac6b3b47fd36f0,394592,98,euphoric|confident,theme,high,pop|electropop,mixed,celebration|coming_of_age,same_vibe,romantic_tension|chill|party,positive
b571a3b4d0ab928e8fb0206371013bea030ea621,395210,63,euphoric|playful,mixed,high,pop|dance_pop,mixed,love,same_vibe,romantic_tension|confident|chill,positive
97dd92d09bf97cfad61c443651aef1f9d2c1eb38,398005,52,euphoric|playful,mixed,high,pop|electropop,mixed,love,same_vibe,theatrical|confident|mixed,positive
5ac82f146fe2fb29e01359bc557b63a1662c92de,398611,80,confident|uplifting,mixed,high,pop|dance_pop,mixed,love,same_vibe,party|romantic_tension|mixed,positive
cd25ba615a1dc9a05cda7a83d242ad7c7fe3367f,398840,48,euphoric|playful,mixed,high,pop|dance_pop,mixed,love,same_vibe,romantic_tension|chill|confident,positive
832869902a6d0089143e5e392e5a54fcd54a8f22,398858,47,melancholic,theme,low,pop,mixed,love|heartbreak,cooldown,romantic_tension|heartbreak|mixed,negative
05fba66c060bc3be74dec1b6663ad24673eb9e9c,399272,46,confident|playful,theme,mid,pop|dance_pop,mixed,love,same_vibe,romantic_tension|party|chill,positive
0f985830145fb7bf68a980564b4d565199e17e04,401704,47,euphoric|playful,mixed,high,pop|dance_pop,mixed,love,same_vibe,romantic_tension|confident|party,positive
30e318443f354a07c13798bdde16ea1b49833051,401810,65,euphoric|playful,mixed,high,pop|electropop,mixed,love,same_vibe,romantic_tension|chill|confident,positive
cc64a83d4a2e993b6d78ccff39cfca59e079a3a4,402102,64,euphoric|playful,theme,high,pop|dance_pop,mixed,love,same_vibe,romantic_tension|confident|party,positive
d047e26c0b536ea4bcde6cdcf24651100be75b24,402586,87,euphoric|playful,mixed,high,pop|dance_pop,mixed,love,same_vibe,romantic_tension|confident|party,positive
3ab307b2ed3415823d91c5b4ddc57bf7bbef5298,404670,48,euphoric|playful,theme,high,pop|dance_pop,mixed,love,same_vibe,romantic_tension|chill|confident,positive
6a5c01e87c4690dfc06ddc91d5494ba3740aed7b,405767,46,euphoric|playful,mixed,high,pop|dance_pop,mixed,love,same_vibe,confident|party|mixed,positive
3a737bf5811463e2a1e0d3e26290c64bc5e76882,406381,48,confident|euphoric,theme,high,pop|dance_pop,mixed,love,same_vibe,party|romantic_tension|mixed,positive
ab562e03b8885fe8ab625e9370b273d2ed676f19,406921,95,euphoric|playful,mixed,high,pop|electropop,mixed,love,same_vibe,dancefloor|romantic_tension|confident,positive
2698e76664ec7b06495aae087df4e642e1270a99,406985,60,melancholic,theme,mid,pop,mixed,love|heartbreak,cooldown,heartbreak|mixed|high_arousal,negative
0f465d91c0d27c1aebaa06e8a9cdc8f49f3e9f45,407734,64,euphoric|playful,mixed,high,pop|dance_pop,mixed,love,same_vibe,theatrical|confident|mixed,positive
54f4a00296c279982f6550a3908a38cfded34cb3,407972,61,euphoric|confident,theme,high,pop|dance_pop,mixed,love,same_vibe,romantic_tension|chill|party,positive
e7947feeba27255a89913ce9228b2ec924d6105e,410249,98,confident|uplifting|playful,theme,mid,pop|dance_pop,mixed,love,same_vibe,romantic_tension|party|chill,positive
4a0b7688022ce7d0b7ef50cfdf1de7ed9378bf9f,411967,36,confident|euphoric|romantic,theme,high,pop,mixed,love,same_vibe,dancefloor|party|mixed,positive
a1423abad1e3e9718a385d7afc35a64add64cb01,412999,39,euphoric|playful,mixed,high,pop|dance_pop,mixed,love,same_vibe,romantic_tension|confident|party,positive
3d94b9d05419f98ec20ba0311ce35a1f8c11db4a,413329,51,uplifting|confident,mixed,mid,pop,mixed,love|resilience,same_vibe,chill|mixed|high_arousal,positive
df2d636d91b198dbd2e3c55abd3b1deee64c34d4,415184,43,euphoric|playful,mixed,high,pop|dance_pop,mixed,love,same_vibe,chill|confident|mixed,positive
b3d41fc7bd05e97e6a001a2eafce43ef7c223a2e,416036,67,uplifting|playful,mixed,mid,pop|electropop,mixed,love,same_vibe,confident|mixed|high_arousal,positive
65bac788ccc177b36077cdf738248603dbd11ec4,416819,50,euphoric|playful,mixed,high,pop|dance_pop,mixed,love,same_vibe,romantic_tension|confident|party,positive
4054430010f1c99bf7626d38fc55762c3067e1c7,417012,42,melancholic,theme,mid,pop|soul,mixed,love|heartbreak,cooldown,romantic_tension|heartbreak|mixed,negative
def860a5d93e8aa369748fb2ff664d30c0ba0bb0,417014,29,euphoric|playful,theme,high,pop|dance_pop,mixed,love,same_vibe,romantic_tension|confident|party,positive
86152ec2198f027a25d26c1b97751fa3a8217215,417765,64,uplifting|confident,theme,high,pop,mixed,love,same_vibe,dancefloor|party|mixed,positive
f6d0c69eecf16303a2cb81c1ef413e5b0946343c,418080,40,confident,theme,mid,pop|country,mixed,love|depression,cooldown,romantic_tension|cinematic|mixed,negative
c6776f4da7649c885015a77c5eb46bb77cf00825,418211,143,uplifting|playful,theme,high,dance_pop|electronic,mixed,mixed,same_vibe,confident|party|mixed,positive
30f8db42fc4f8805cf293e3c3bb0794b8af0384f,419037,117,uplifting|playful,theme,high,pop|rock,mixed,love|heartbreak,same_vibe,theatrical|confident|mixed,positive
90390bf4b25b6913574773c2b5ee6c6eda7f6789,420423,77,uplifting|confident,mixed,mid,pop,mixed,love,same_vibe,romantic_tension|chill|mixed,positive
bfdabfe96fa858d4e91768b0cf40d80c5a13bf49,420439,41,confident,theme,mid,pop|rock,mixed,love|heartbreak,same_vibe,romantic_tension|cinematic|mixed,negative
e6f0702430e6ed49cf177263f96e0ed4d3b86864,421219,47,confident|uplifting|playful,theme,high,pop|electronic,mixed,love,same_vibe,dancefloor|party|mixed,positive
af6d99437dcda257b404bb026501345696e51786,421773,135,euphoric|playful,mixed,high,pop|dance_pop,mixed,love,same_vibe,romantic_tension|confident|chill,positive
06e58c1f8593b2c179f673ace8f253280e18c044,423964,34,confident|uplifting,mixed,high,pop|dance_pop,mixed,love,same_vibe,party|romantic_tension|mixed,positive
ef86788331f04c805e5748b2ee6856619b195de2,424407,54,melancholic|uplifting,mixed,mid,pop|soundtrack,mixed,love|conflict,same_vibe,cinematic|mixed|high_arousal,positive
d29f1b59363fa44cf745d0879894970c633d2edd,424716,94,uplifting,theme,mid,pop|electropop,mixed,love,same_vibe,romantic_tension|confident|mixed,positive
c9dea76b583caca3949de489cdb30da732d0b36e,424883,64,confident,theme,high,pop|soundtrack,mixed,love|heartbreak,same_vibe,cinematic|mixed|high_arousal,positive
e6fee9cf3bc0b681f57848f2c0904aa035df3c1d,424947,77,euphoric|playful,theme,high,pop|dance_pop,mixed,love,same_vibe,romantic_tension|confident|party,positive
91c1bf2c921506782c881a1a263da29e2348ccc9,425105,101,confident,theme,mid,pop|country,mixed,love|heartbreak,same_vibe,romantic_tension|cinematic|mixed,negative
1dc2309e7ce984a8a0857c7e87e9867c175df3bf,428307,48,confident|euphoric,theme,high,pop|dance_pop,mixed,love,same_vibe,party|romantic_tension|mixed,positive
f91810a55814383e06c27c977068259a3bd080db,429555,66,euphoric|playful,theme,high,pop|electropop,mixed,love|self_expression,same_vibe,theatrical|confident|mixed,positive
eb742da177ae014aa50c33ed176f0b001cb945cb,429688,49,confident|euphoric,theme,high,pop|dance_pop,mixed,love,same_vibe,party|romantic_tension|mixed,positive
35f9f4a196c4c31906611d5432e44603187bb886,430374,48,confident|uplifting,mixed,high,pop|dance_pop,mixed,love,same_vibe,party|romantic_tension|mixed,positive
1a3a3abe4c2acb5fc5ef631cffe989d6cdea9541,430813,60,melancholic,theme,mid,pop,mixed,love|heartbreak,cooldown,cinematic|mixed|high_arousal,negative
3492dfa089025c5102c2453c0e7de09dbed8d063,431519,39,euphoric|playful,mixed,high,pop|dance_pop,mixed,love,same_vibe,romantic_tension|chill|confident,positive
caed63e852abfa7573e945012eb0b337f65fae04,431731,102,melancholic|uplifting,theme,mid,pop|electronic,mixed,love|conflict,same_vibe,cinematic|mixed|high_arousal,positive
f4320a23313e5b3640a9603eae3575f56a587e8a,432670,54,euphoric|playful,mixed,high,pop|dance_pop,mixed,love|heartbreak,same_vibe,theatrical|confident|mixed,positive
01fe39af58e81f60c9877a6274464d8109d02a34,435046,23,melancholic,theme,mid,pop|soul,mixed,love|heartbreak,cooldown,romantic_tension|heartbreak|mixed,negative
5df67f9ed142c51fc7b7fceeeb7c462164de30ef,436292,52,confident,theme,mid,pop|soundtrack,mixed,love|conflict,same_vibe,romantic_tension|cinematic|mixed,negative
a74ea3f068d172590a1856f65319ad70c18af7dc,436494,69,mixed,theme,mid,pop|indie|electronic,mixed,love|heartbreak,cooldown,cinematic|mixed|high_arousal,negative
91a44e82c0d354fd426fee1ebe98366a35468265,437357,49,confident,theme,mid,pop,mixed,love|heartbreak,cooldown,romantic_tension|cinematic|mixed,negative
82e7db7e82f3a28b47aef99d801593cf36056192,437616,58,confident|euphoric,theme,high,pop|dance_pop,mixed,love,same_vibe,party|romantic_tension|mixed,positive
a8b2c8968e9a71c05b3a12f513ba98a84bf05e98,438797,38,euphoric|playful,mixed,high,pop|dance_pop,mixed,love,same_vibe,romantic_tension|confident|party,positive
8fd43d7b60312d83d96b6c72eca7de05a9120128,439057,28,melancholic|uplifting,mixed,mid,folk,mixed,love|conflict,same_vibe,cinematic|mixed|high_arousal,positive
8076f51220c760646d8a33fd4d20a96e38c31ddc,439347,55,mixed,theme,high,pop|rock,mixed,love|heartbreak,cooldown,theatrical|mixed|high_arousal,negative
241da81e94df640b001f9bbaec362731e2173ef5,439992,49,confident,theme,mid,pop|electropop,mixed,love,same_vibe,romantic_tension|chill|mixed,positive
b0e89cfa8d4fb508705105454e77ef7169ec9a79,440468,51,uplifting|confident,theme,mid,pop|dance_pop,mixed,love,same_vibe,party|chill|mixed,positive
e53fa2c65936fb74d9c1b21d2670881b12ca3c59,440482,40,melancholic|uplifting,theme,mid,pop|indie|electronic,mixed,love|conflict,same_vibe,cinematic|mixed|high_arousal,positive
6d272a8b9995be358d74dceac9c911b0ad2dc422,442224,42,euphoric|playful,theme,high,pop|dance_pop,mixed,love,same_vibe,romantic_tension|confident|party,positive
277a423f8b8888fdda1965da4d9f9116ce5d4533,442390,51,confident,theme,mid,pop|indie,mixed,love|heartbreak,same_vibe,romantic_tension|chill|mixed,positive
76b18037253de9491fef17fb4493018e506a85af,444031,47,euphoric|playful,mixed,high,pop|electropop,mixed,love,same_vibe,theatrical|confident|mixed,positive
0c5e4345f13e326e87183054d99f8cf2922f270a,444138,46,melancholic|uplifting,theme,mid,pop|electropop,mixed,love|conflict,same_vibe,cinematic|mixed|high_arousal,positive
96c37c0269bba7fe4ae0b86416a87293815299e2,444646,57,euphoric|playful,theme,high,pop|dance_pop,mixed,love,same_vibe,romantic_tension|chill|confident,positive
c96d28eb58ff0854765313bc021c35b1583288bc,444880,76,mixed,theme,mid,pop|indie,mixed,love|heartbreak,cooldown,romantic_tension|heartbreak|mixed,negative
369fb0ef2cade7a490f24ca6240bfa25d4461d2f,447068,51,euphoric|playful,theme,high,pop|dance_pop,mixed,love,same_vibe,romantic_tension|confident|party,positive
6da3e72235e6a8c8d1061c1025f813bdaa9c0520,447258,52,confident,theme,high,pop|electronic,mixed,love|conflict,energy_lift,romantic_tension|cinematic|mixed,negative
a059df65331313691bd08e415b331d6b0f626d82,448260,50,euphoric|playful,mixed,high,pop|dance_pop,mixed,love,same_vibe,romantic_tension|confident|party,positive
46ebb2fe56619f76674ca3220f972fa507c2a041,448832,41,euphoric|playful,theme,high,pop|dance_pop,mixed,love,same_vibe,romantic_tension|chill|confident,positive
e3b4049f7e08560b264840df6b592e70a1949135,449872,98,euphoric|playful|dreamy,theme,high,pop|electropop,mixed,love|desire,same_vibe,theatrical|confident|mixed,positive
eaf3a19e8214aa0029fa2aea6b76de003cc0a4ee,450724,49,melancholic|uplifting,theme,mid,pop|soundtrack,mixed,love|conflict,same_vibe,cinematic|mixed|high_arousal,positive
8324213584b10704c39c6c6e5382728e856b1526,453867,66,confident,theme,mid,pop|electropop,mixed,love|heartbreak,same_vibe,romantic_tension|heartbreak|mixed,negative
0b398a511e9b957e464441918214bd0b65cf28b2,455712,48,euphoric|playful,mixed,high,pop|dance_pop,mixed,love,same_vibe,romantic_tension|confident|party,positive
7ad933c957d05acb0d148df6a8e3efb86c364461,459045,41,euphoric|playful,theme,high,pop|dance_pop,mixed,love,same_vibe,theatrical|confident|mixed,positive
b46d915f419eeb9e67005ceb0549b73c5d2d7aff,459617,44,melancholic,theme,high,pop|rock,mixed,love|conflict,cooldown,romantic_tension|mixed|high_arousal,negative
0bc0a43a036d4f158774d26727acc256364b3441,461817,40,euphoric|playful,theme,high,pop|dance_pop,mixed,love|desire,same_vibe,theatrical|confident|mixed,positive
7d3d736bee4afb867da1d80e8c3a563eeb209081,462023,65,uplifting|confident,theme,mid,pop|dance_pop,mixed,love,same_vibe,chill|mixed|high_arousal,positive
0ae474449dcab6bae9e2c821380b4d4bb5f7b82f,462963,48,uplifting|playful,mixed,high,pop|dance_pop,mixed,love,same_vibe,confident|party|mixed,positive
eaa4b01fdfb65cce240b556df740c8666a2336c6,463736,43,confident|uplifting,theme,high,pop|dance_pop,mixed,love,same_vibe,party|romantic_tension|mixed,positive
df9462988d18a5f3bf28e92fb92e8e3aa1c99266,463988,44,euphoric|playful,theme,high,pop|dance_pop,mixed,love,same_vibe,romantic_tension|confident|party,positive
14a7631a3808d263b69cb21d07983a70c04614ef,465122,109,confident,theme,mid,pop|soundtrack,mixed,love|conflict,same_vibe,romantic_tension|cinematic|mixed,negative
e1f974b21c5b0113ba399db35591cb3207f118d2,465320,111,melancholic|uplifting,mixed,mid,pop|electropop,mixed,love|conflict,same_vibe,cinematic|mixed|high_arousal,positive
6f60eeaa601425db6cd7d46dcedaf47ffd59b30b,466808,57,confident,theme,mid,pop|soundtrack,mixed,love|resilience,same_vibe,romantic_tension|cinematic|mixed,positive
1287074707e93c2e872924864f40d9214aed7141,467772,39,euphoric|playful,theme,high,pop|electropop,mixed,love|desire,same_vibe,theatrical|confident|mixed,positive
a7b8bd303dc0645b1c73ea86ebf53799403aff17,471161,40,melancholic,mixed,mid,pop|soundtrack,mixed,love|conflict,cooldown,romantic_tension|cinematic|mixed,negative
3b729b6bf8a448b71f5bb27c88e5ecd7e65af80f,471396,98,confident,theme,mid,pop|electronic,mixed,love|heartbreak,same_vibe,cinematic|romantic_tension|mixed,negative
c44f3452ae18dcbb566a9af59b653a4440e331fc,472708,48,uplifting|confident,mixed,mid,pop,mixed,love,same_vibe,chill|mixed|high_arousal,positive
0179a34c7154d939fcc90877702381989c67edd5,473019,40,confident,theme,mid,pop|soul,mixed,love|heartbreak,cooldown,cinematic|mixed|high_arousal,negative
f19d76c2af494403d46e720703f2919bd1dc47bc,473512,79,melancholic|uplifting,theme,mid,pop|indie,mixed,love|conflict,same_vibe,cinematic|mixed|high_arousal,positive
1feea1e258c1663345720583c13176ea0a114096,474162,51,confident|uplifting|playful,theme,high,pop,mixed,love,same_vibe,dancefloor|party|mixed,positive
41a9cc284d44f22862a5748de0ee3e54e13895f9,475700,44,euphoric|playful,mixed,high,pop|dance_pop,mixed,love,same_vibe,romantic_tension|confident|party,positive
e7a8da1f80029ffd072569d0fc563afc98629dea,476865,47,uplifting|confident,mixed,mid,pop|indie,mixed,love,same_vibe,chill|acoustic|mixed,positive
a6ed9172585920f2289d16adf160bfa8554164ea,477013,48,melancholic|uplifting,theme,mid,pop|soundtrack,mixed,love|conflict,same_vibe,cinematic|mixed|high_arousal,positive
4722bc79f5e00d24db24b6f610d32993e09e8f9f,477519,41,euphoric|playful,theme,high,pop|electropop,mixed,love,same_vibe,theatrical|confident|mixed,positive
98910e7ec059dc3171ec926fffc2f4e6db849200,478650,36,euphoric|playful,mixed,high,pop|dance_pop,mixed,love,same_vibe,confident|party|mixed,positive
7c0709af4c9e370a295f1a4a73af03a28e408fb7,478955,114,euphoric|playful,theme,high,pop|electropop,mixed,love,same_vibe,theatrical|confident|mixed,positive
9ba148f2cd9ac5ceae53f6d1aba8c18b07555910,480966,86,euphoric|playful|dreamy,theme,high,pop|hiphop,mixed,love|self_expression,same_vibe,theatrical|confident|mixed,positive
9d14c4239f186276f3515babb0eab98f6481cafb,482247,88,euphoric|playful,mixed,high,pop|dance_pop,mixed,love,same_vibe,romantic_tension|confident|party,positive
dce180432d0b42176234c411952d923c124af8e2,482478,42,euphoric|playful,theme,mid,pop|dance_pop,mixed,love,same_vibe,romantic_tension|chill|confident,positive
e2b3054e551775374b59b6d9bbf221ec4326c26a,482593,50,confident,theme,high,pop|soundtrack,mixed,love|depression,same_vibe,romantic_tension|cinematic|mixed,positive
efeb97206cfae5493b75b5fa376b65dd1e601ffa,485276,48,melancholic|romantic,theme,low,pop|soul,mixed,love|conflict,cooldown,romantic_tension|chill|mixed,negative
0e2b14170c9f601ae2f5055387f63576c73c7d36,486727,19,euphoric|playful,mixed,high,pop|dance_pop,mixed,love,same_vibe,romantic_tension|chill|confident,positive
3e9315239e020d2a4ac6666af65691859dbfd6b5,487008,44,uplifting,mixed,mid,pop,mixed,love,same_vibe,romantic_tension|chill|confident,positive
0b60d602d4f03b3bb8c16582588fb1d3fad8f2df,487751,54,uplifting|confident,mixed,mid,pop,mixed,love,same_vibe,chill|mixed|high_arousal,positive
cfc366a209894d0cb2f5066968f8dfa3b360a2ff,487809,96,confident,theme,mid,pop|electropop,mixed,love|conflict,cooldown,romantic_tension|cinematic|mixed,negative
515406f10d6e64cb50ec5d61674873c23ee3e66c,487842,57,confident,theme,mid,pop|soundtrack,mixed,love|depression,cooldown,romantic_tension|cinematic|mixed,negative
e3f551265f44821efe342b7c0ec9040a9dbd62a1,488343,81,euphoric|playful,mixed,high,pop|electropop,mixed,love,same_vibe,theatrical|confident|mixed,positive
0dd7046f140487a0e4f4a5b12e1e8d8375a73b8a,489030,118,confident,theme,mid,pop|soundtrack,mixed,love|desire,same_vibe,romantic_tension|cinematic|mixed,negative
b35dfc3751ff8bbd16fd5441bf7f8d353ee7d994,489974,39,uplifting|confident,mixed,high,electronic|pop,mixed,mixed,same_vibe,dancefloor|party|club,positive
09dc61642fa5577c019d4e1b26f61fd62d849ba4,490364,41,confident,theme,mid,pop|soundtrack,mixed,love,same_vibe,romantic_tension|cinematic|mixed,negative
ee444ff58968b0304a4b71b6fe847a41b2dc7e4d,490977,77,melancholic|uplifting,theme,mid,pop|indie|soundtrack,mixed,love|conflict,same_vibe,cinematic|mixed|high_arousal,positive
d8d14269c5f12f6e65c557c736fb1a9704ab984d,491339,54,euphoric|confident|melancholic,theme,high,pop,mixed,love,same_vibe,romantic_tension|chill|mixed,positive
18a789bfdb4a970ca3ebea5c70b16222b1c20102,491854,40,euphoric|playful,theme,high,pop|electropop,mixed,love|desire,same_vibe,theatrical|confident|mixed,positive
1c92b76ffaaf68cfe19bdc56bc5928b936d6400d,492139,39,uplifting|confident,mixed,mid,pop|indie,mixed,love,same_vibe,chill|acoustic|mixed,positive
bbc817199b7c28de6aa4224d26d2755b1b460d3d,492269,44,confident,theme,mid,pop|soundtrack,mixed,love|depression,cooldown,romantic_tension|cinematic|mixed,negative
002a29af96f9163c666e81e4e31e4c803d59de8f,492901,93,confident,theme,mid,pop,mixed,love|heartbreak|desire,cooldown,theatrical|cinematic|mixed,negative
5a66cced61161d20ab5be6833e61def53a07b7ee,495110,49,euphoric|playful,theme,high,pop|dance_pop,mixed,love,same_vibe,romantic_tension|confident|party,positive
c4d116695e876226d32a2b97d46cf05dd1cb8d47,497500,43,confident|playful,mixed,mid,pop|indie,mixed,love|heartbreak,same_vibe,romantic_tension|chill|mixed,positive
b752ed9c07e1551112dbc65a1bf9a192c9f899dc,497631,41,confident,theme,mid,pop|soundtrack,mixed,love|depression,cooldown,romantic_tension|cinematic|mixed,negative
042a779a52e39e1482d5ab01d652b6cf4e5788cf,502535,48,confident,theme,mid,pop|indie,mixed,love|heartbreak,same_vibe,romantic_tension|heartbreak|mixed,negative
bf5993a1ac7c7ecb5ddb69d20df588719aca7637,506560,49,uplifting|playful,mixed,mid,pop|dance_pop,mixed,love,same_vibe,confident|chill|mixed,positive
105cfb21a4c6740679e62ad85505fc34e264c49e,507317,59,confident|uplifting|playful,theme,mid,pop|electropop,mixed,love,same_vibe,romantic_tension|chill|mixed,positive
0b8971ef10973d1659eb1155e732c2890bc9fa9c,507394,74,euphoric|playful,theme,high,pop|electropop,mixed,love|desire,same_vibe,theatrical|confident|mixed,positive
90460b226a90e6af24e71a562c488268ac262ef0,508513,41,uplifting|confident,mixed,mid,pop,mixed,love,same_vibe,chill|mixed|high_arousal,positive
808fb10b9203ff18ca3c9c343da2cbafb70fb541,508589,45,euphoric|confident,mixed,high,pop,mixed,love,same_vibe,chill|confident|mixed,positive
fa44864cc6bd1ae67bbb75de5a87349af6cb044a,508768,59,melancholic|uplifting,theme,mid,pop|soundtrack,mixed,love|conflict,same_vibe,cinematic|mixed|high_arousal,positive
e3e6d728801f309286e20f462d846a6f200e94e1,509517,40,confident,theme,mid,pop|soundtrack,mixed,love|depression,cooldown,romantic_tension|cinematic|mixed,negative
085b96e6e4927cf8363afce97f681a80efc848f6,510286,45,euphoric|playful,theme,high,pop|dance_pop,mixed,love,same_vibe,theatrical|confident|mixed,positive
b02aeb0e5133e810c60408651261c7e738adb544,511484,70,confident|uplifting|playful,mixed,high,pop|dance_pop,mixed,love,same_vibe,party|mixed|high_arousal,positive
19ffca53af764af65d63a89b424bb987d6466d2e,512303,91,confident|euphoric,theme,high,pop|dance_pop,mixed,love,same_vibe,party|romantic_tension|mixed,positive
c9c43ec9491e44fcca8dcea59beb74928ab3d0a2,512367,48,euphoric|playful,mixed,high,pop|electropop,mixed,love,same_vibe,theatrical|confident|mixed,positive
e69d74b5d9e81e4414a3b9f32cbbbb7d1b4a2d62,512892,56,euphoric|playful,theme,high,pop|dance_pop,mixed,love,same_vibe,theatrical|confident|mixed,positive
07858713a9ed56e3d6028e26646347d78746c089,513061,51,melancholic|romantic,theme,low,pop|indie,mixed,love|conflict,cooldown,romantic_tension|chill|mixed,negative
58ccf0eaa0fc9db4dd92e4bc37e09b5c4dc7bb01,513370,40,euphoric|confident,mixed,high,pop|dance_pop,mixed,love,same_vibe,romantic_tension|party|chill,positive
a9b70f840b214d916061869045def36d46beaddb,514230,11,euphoric|playful,mixed,high,pop|dance_pop,mixed,love,same_vibe,romantic_tension|confident|chill,positive
620d884f1ed37864922ffbe746f392e98f36dd5e,514373,49,euphoric|playful,mixed,high,pop|dance_pop,mixed,love,same_vibe,romantic_tension|confident|party,positive
32872a217cc9884e92dc3734ca7b1e573122717a,514941,41,uplifting|confident,theme,mid,pop|indie,mixed,love|coming_of_age,same_vibe,chill|mixed|high_arousal,positive
cb5aabb35d257d628852a9123ed5326a739388b5,516510,97,euphoric|playful,mixed,high,pop|dance_pop,mixed,love|heartbreak,same_vibe,theatrical|confident|mixed,positive
37835a9f4fbb7ee6348ee0e30aaf31c328150200,517233,49,uplifting|confident,mixed,mid,pop,mixed,love,same_vibe,romantic_tension|chill|party,positive
178cd0e63ce83e33bf88ecf873a661e0d8643cef,517581,50,confident|euphoric,theme,high,pop|dance_pop,mixed,love,same_vibe,party|romantic_tension|mixed,positive
00ea102dae85e9d3abb01fd8909a5cb532d5886f,520603,62,euphoric|playful,mixed,high,pop|dance_pop,mixed,love,same_vibe,romantic_tension|confident|party,positive
4b14cdb1f613302a605b1d4dc31e10633e4b5c69,520825,37,euphoric|playful,theme,high,pop|dance_pop,mixed,love,same_vibe,theatrical|confident|mixed,positive
dec8a2d9e5e17e1131462559c0760ec146944289,521057,47,uplifting|confident,theme,high,pop,mixed,love,same_vibe,dancefloor|party|mixed,positive
f70d3c5a2c7050e07f0411a5103bb255d1a47720,522645,45,confident,theme,mid,pop|soundtrack,mixed,love|depression,cooldown,romantic_tension|cinematic|mixed,negative
cb2e1bafeb0392eb3e3146822003c7c300ad3c01,522828,74,confident|uplifting|playful,theme,mid,pop|dance_pop,mixed,love,same_vibe,romantic_tension|chill|party,positive
07489281bf5e87dd0fbecfa5211095ee551c7aea,523544,96,confident,theme,mid,pop|soundtrack,mixed,love|heartbreak,cooldown,romantic_tension|cinematic|mixed,negative
28eb1fff3fd23afb57d5d5b359fe6fc392a9f30f,523867,49,confident|uplifting|playful,mixed,high,pop|electronic,mixed,mixed,same_vibe,dancefloor|party|mixed,positive
8f0cefb04a7ff2b9e13127dea4586069ca62328d,524059,77,melancholic|romantic,theme,mid,pop|electronic,mixed,love|conflict,cooldown,cinematic|mixed|high_arousal,negative
e44f3d2e9d69980b1db7f2587895ad8e9d17fa0f,524190,57,confident,theme,mid,pop|soundtrack,mixed,love|resilience,same_vibe,romantic_tension|cinematic|mixed,positive
c8ef86646ce24ab09705ee98d94c661c8db502c5,524229,42,confident,theme,mid,pop|soundtrack,mixed,love|depression,cooldown,romantic_tension|cinematic|mixed,negative
9c60e580dd950da7db17aa376f46be2e54e30f95,525038,70,melancholic,theme,mid,pop,mixed,love|heartbreak,cooldown,heartbreak|mixed|high_arousal,negative
b61a8d21e009f3be8fbbd6032bd0db5ab05d9985,526956,87,melancholic|romantic,theme,low,pop|folk,mixed,love|heartbreak,cooldown,chill|mixed|high_arousal,negative
c7e6f032997e96f74212c403421e5c28fa3954a8,527006,93,confident|uplifting,theme,high,pop|dance_pop,mixed,love,same_vibe,party|romantic_tension|mixed,positive
ad829f338be1a477cd1ab18d82c013fb3e828615,527534,38,confident|uplifting|playful,mixed,high,pop,mixed,mixed,same_vibe,dancefloor|party|mixed,positive
c54c90b9ec582f7369736f78f9ead201bdb4a3d4,527998,39,euphoric|playful,mixed,high,pop|dance_pop,mixed,love,same_vibe,romantic_tension|confident|chill,positive
0434353b2f0253ef58a57ec9ec0312b41ce3c146,528341,73,euphoric|playful,mixed,high,pop|dance_pop,mixed,love,same_vibe,romantic_tension|chill|confident,positive
d03c0a21c1cd6d80d2f7db3901fde842fe399015,529375,49,playful|dreamy,theme,mid,pop|electropop,mixed,love|heartbreak,cooldown,theatrical|confident|mixed,negative
b2f3ff6197ef8dd4c4e33d919215de06a288fe7d,530400,48,euphoric|confident,theme,high,pop|dance_pop,mixed,love,same_vibe,romantic_tension|party|chill,positive
02b909c44c08859c716ad72c5c87bb0b84842137,531933,35,uplifting|playful,theme,mid,pop|dance_pop,mixed,love,same_vibe,romantic_tension|mixed|high_arousal,positive
aa050e4767264f5f3833906c34a3976f93e7f49c,536026,65,melancholic|uplifting,mixed,mid,pop|soundtrack,mixed,love|conflict,same_vibe,cinematic|mixed|high_arousal,positive
971f90d37d5e114ccbef0f51494b464a0dd49efe,536878,59,confident,theme,mid,pop|soundtrack,mixed,love|depression,cooldown,romantic_tension|cinematic|mixed,negative
14b9fbb1bb45cd256856d9cac928cb3fe2ed1753,538630,97,euphoric|playful,mixed,high,pop|dance_pop,mixed,love,same_vibe,romantic_tension|confident|party,positive
426afdbbf3dad14136c0825f42768b396c325b51,539480,49,uplifting|confident,mixed,mid,pop,mixed,love,same_vibe,chill|mixed|high_arousal,positive
398133a1e63f8adf1f0f9e0cc85acaaffa82f7ea,539889,47,euphoric|playful,theme,high,pop|dance_pop,mixed,love,same_vibe,romantic_tension|confident|party,positive
7c28abb1f0803d3c5a3aa4ad460ea73306692da8,540263,65,confident,theme,mid,pop|soundtrack,mixed,love|depression,cooldown,romantic_tension|cinematic|mixed,negative
7154762daf1b40454181804f43ebe76154479949,540836,44,melancholic|uplifting,theme,mid,pop|electronic,mixed,love|conflict,same_vibe,cinematic|mixed|high_arousal,positive
c04398148d65848c7caebdca48cd60e93e80daff,542458,42,confident|uplifting,mixed,high,pop|dance_pop,mixed,love,same_vibe,party|romantic_tension|mixed,positive
3fb4d662c502addeefdb4ba88db1d0d25beecb84,542907,53,melancholic|confident,mixed,mid,pop|electronic,mixed,love|heartbreak,cooldown,cinematic|mixed|high_arousal,negative
96cd7b0efbe9d7758056e29d63b189f8d1eacb8a,545815,58,uplifting|confident,theme,mid,pop|indie,mixed,love|coming_of_age,same_vibe,chill|mixed|high_arousal,positive
33b9bb947e504ed24e9f0ffd3d7cbfcf11b0fb15,546626,54,euphoric|playful|dreamy,theme,high,pop|electropop,mixed,love,same_vibe,theatrical|confident|mixed,positive
8baa999ca11e2aa8bdafe425be44c6573b37d8d7,547111,52,melancholic|romantic,theme,low,pop|electronic,mixed,love|conflict,cooldown,romantic_tension|chill|mixed,negative
ecea13936364ef3529b9d7616392a4321da9c282,548491,38,uplifting|confident,theme,mid,pop|indie,mixed,love|coming_of_age,same_vibe,chill|mixed|high_arousal,positive
3f592304ecc647e2d1d2cc78319104b245ec07ee,551458,42,uplifting|confident,theme,mid,pop|dance_pop,mixed,love,same_vibe,chill|mixed|high_arousal,positive
c07e1e6e224d02e8855fdaadad1bc62a390dc36d,552334,63,euphoric|playful,mixed,high,pop|dance_pop,mixed,love,same_vibe,romantic_tension|confident|party,positive
8a794690ac7efa31a2a448f50c1d53569173545c,555511,75,confident|uplifting|playful,theme,mid,pop|dance_pop,mixed,love,same_vibe,romantic_tension|party|chill,positive
cac669efb9ab2211d46c41d8ade81220872a1bd2,558253,48,euphoric|playful,theme,high,pop|dance_pop,mixed,love|coming_of_age,same_vibe,chill|confident|mixed,positive
2720be7a2be276d05d015d734c75eec4ce8da944,558279,44,uplifting|confident,theme,high,pop,mixed,love|coming_of_age,same_vibe,chill|mixed|high_arousal,positive
31f84792c06ba7e2455ef84be8a0c3a48135b8f2,558315,65,euphoric|playful,mixed,high,pop|dance_pop,mixed,love,same_vibe,romantic_tension|confident|party,positive
14eb907b85f96ec0b40e97dcdc2a728e8b00e558,559599,40,confident|playful,theme,mid,pop|dance_pop,mixed,love,same_vibe,romantic_tension|party|chill,positive
5181ecd3c5da08c4f3d55e3c5da2f28f629ed40a,561729,48,euphoric|playful,theme,high,pop|dance_pop,mixed,love,same_vibe,romantic_tension|confident|party,positive
04d1bcf2f6fa14c7ab24a06dd6b3471c2b4d2075,562400,85,uplifting|confident,theme,mid,pop,mixed,love|celebration,same_vibe,party|chill|mixed,positive
ffa816afefeec53f751bcf4a541a3d9698d9bc76,562888,96,euphoric|playful,mixed,high,pop|dance_pop,mixed,love,same_vibe,romantic_tension|confident|party,positive
98e22a08eddfb6cb0f72fb0b51a2f5d4ed5cfbb6,563051,43,melancholic|uplifting,mixed,mid,folk|pop,mixed,love,same_vibe,cinematic|mixed|high_arousal,positive
0a3728e43401ec4ac7afcd8b6976267cf78785f9,563526,19,melancholic,theme,low,pop|classic_rock,mixed,love|heartbreak,cooldown,cinematic|mixed|high_arousal,negative
4e9b9f13aa060725678e7b831d75a524afac3b91,565694,41,euphoric|playful,theme,high,pop|dance_pop,mixed,love,same_vibe,chill|confident|mixed,positive
898b1a871d95b45da24828ae9d3120fabd6652f0,566006,35,euphoric|playful,mixed,high,pop|dance_pop,mixed,love,same_vibe,romantic_tension|confident|party,positive
c75466053803459f94a32881bb8ea29e9923ed8f,567600,88,euphoric|playful,theme,high,pop|dance_pop,mixed,love,same_vibe,theatrical|confident|mixed,positive
6d750f2ea2edca45031b4623cc419e18e23b527f,568414,29,confident,theme,mid,pop|soundtrack,mixed,love|heartbreak,same_vibe,cinematic|romantic_tension|mixed,negative
ffb93cfe3893def128aa375df7c6ca325f83267e,569217,43,euphoric|playful,theme,high,pop|rock,mixed,love,same_vibe,theatrical|confident|mixed,positive
6a16d5037f4fa50a29739b87367ec16f232d9c2d,569629,42,euphoric|confident,theme,high,pop|dance_pop,mixed,love,same_vibe,romantic_tension|chill|party,positive
8ab578eedddb1ba0c4b843cb78740e7ac69a00d1,570131,48,confident,theme,mid,pop|soundtrack,mixed,love|conflict,same_vibe,cinematic|romantic_tension|mixed,negative
d6a4850f892ad7ff1f8d4a60c45f882ca4dcf7d7,570373,47,euphoric|playful,mixed,high,pop|electropop,mixed,love,same_vibe,theatrical|confident|mixed,positive
9f3567c38def3cd98839b7f912d838fc3f8f5ee8,570495,45,euphoric|playful,theme,high,pop|dance_pop,mixed,love|desire,same_vibe,theatrical|confident|mixed,positive
7e0ba395dabec2f76b0b56e3840c75107ac59948,570728,50,confident|playful,theme,mid,pop|dance_pop,mixed,love,same_vibe,romantic_tension|party|chill,positive
265233f78cc4e71f9e78e3f1b1a330500d6cea16,570840,62,euphoric|confident,theme,high,pop|dance_pop,mixed,love,same_vibe,romantic_tension|chill|confident,positive
72cc252c722bb9b3ca260751d43cbe56ebbef53c,570915,108,uplifting,mixed,high,pop|dance_pop,mixed,love,same_vibe,romantic_tension|confident|party,positive
6997ed979bd0f7f88937d42ec5d4e16a38264cd3,571593,42,euphoric|playful,mixed,high,pop|electropop,mixed,love,same_vibe,romantic_tension|chill|confident,positive
64b898f9bf848c578580f6eaf2b3e981d098554a,571935,34,confident|uplifting|playful,theme,mid,pop|dance_pop,mixed,love,same_vibe,romantic_tension|chill|mixed,positive
f5c8681cbf9672c87c0e78f9888b744f1405b256,572037,73,confident|uplifting,mixed,high,pop|dance_pop,mixed,love,same_vibe,party|romantic_tension|mixed,positive
5606343d217d9c306f5e045cd2a8541eea1938ed,574070,45,uplifting|confident,theme,mid,pop|country,mixed,coming_of_age|escape,same_vibe,chill|roadtrip|mixed,positive
57460cb2d8f0585b9149e16881a1e76bc50c8d8b,575148,41,mixed,theme,mid,pop,mixed,love|heartbreak,cooldown,romantic_tension|heartbreak|mixed,negative
937ac949dcce93455a6ef8e3f50b976b1580bf19,575464,40,confident|romantic,theme,high,pop|dance_pop,mixed,love,same_vibe,party|romantic_tension|mixed,positive
68376472f8b886a0884b3a000c84d072e09e902c,576043,58,euphoric|playful,mixed,high,pop|dance_pop,mixed,love,same_vibe,romantic_tension|confident|party,positive
dc220b81bd3c5841fabf738a62afaa767e695c27,577097,39,euphoric|playful,mixed,high,pop|dance_pop,mixed,love,same_vibe,romantic_tension|confident|chill,positive
2b5c1e9ccfb08e2fbd5c7e280d7201a631ad625f,577963,37,confident|uplifting|playful,theme,high,pop|electropop,mixed,love,same_vibe,dancefloor|party|mixed,positive
e2e5bafbfefb468f40ee6ae5623e899931cfc8fd,578640,100,uplifting|confident,theme,high,pop|electropop,mixed,mixed,same_vibe,dancefloor|party|mixed,positive
0546a8ca033b03cd20727d119863dc642466c997,579156,51,uplifting|confident,theme,mid,pop|dance_pop,mixed,love,same_vibe,chill|romantic_tension|party,positive
e739c0bb86d5b4adc6982384d10ab41c907ddaea,580532,48,uplifting,theme,high,pop|electropop,mixed,love,same_vibe,romantic_tension|confident|party,positive
4eadc02eeb3e5e0e83895bb1d3a76274355a1579,581050,45,euphoric|playful,theme,mid,pop|dance_pop,mixed,love,same_vibe,romantic_tension|chill|confident,positive
b6ace624a750874d9abd3a311525b22b90adad21,581829,64,melancholic|uplifting,theme,mid,pop|electronic,mixed,love|conflict,same_vibe,cinematic|mixed|high_arousal,positive
3b2bddc5435e17598cc721100a57c2355f24f7f0,581843,48,euphoric|playful,mixed,high,pop|dance_pop,mixed,love,same_vibe,romantic_tension|confident|party,positive
d69e3271d73110c3a3ed9fec40772b76efb60381,585824,46,euphoric|confident,mixed,high,pop|dance_pop,mixed,love,same_vibe,romantic_tension|chill|party,positive
81978e269c2f60d37bcb5c446313fdfbd25cdaba,587681,50,melancholic,theme,low,pop|indie,mixed,love|heartbreak,cooldown,cinematic|mixed|high_arousal,negative
81ecbd806a627fb7b6ed94853b5fe02d61c71a78,587682,66,euphoric|confident,theme,high,pop|electropop,mixed,love,same_vibe,romantic_tension|chill|mixed,positive
c6ddd7f6567818efd32530f5585de8569efb5a0a,588797,67,euphoric|playful,mixed,high,pop|dance_pop,mixed,love,same_vibe,romantic_tension|confident|party,positive
e78c3ee0c79a69059c1b40c9644312c0a434ef82,589462,128,confident|uplifting,theme,high,pop|dance_pop,mixed,love,same_vibe,party|romantic_tension|mixed,positive
82c099ad6145e8c812093f23661c3893b0814748,590377,62,euphoric|playful,mixed,high,pop|dance_pop,mixed,love,same_vibe,romantic_tension|confident|party,positive
f934a53dbdc53cb545ec3b3a508dc0ca61562183,591096,37,euphoric|playful,mixed,high,pop|dance_pop,mixed,love,same_vibe,theatrical|confident|mixed,positive
c877fe020dc58a79b97c2b19b31ccc745b37fba1,591272,40,uplifting|confident,theme,mid,pop|dance_pop,mixed,love,same_vibe,chill|party|mixed,positive
1da9098a85781a08aa82bc611a9962b77f5fdc72,591851,75,uplifting|confident,mixed,mid,pop|dance_pop,mixed,love,same_vibe,party|chill|mixed,positive
7af7d7894144e4ed7c9442a7b67acbcfc57c04a6,593074,64,euphoric|playful,mixed,high,pop|rock,mixed,love,same_vibe,theatrical|confident|mixed,positive
0a58033d00160301f720aef084da74f21bae3020,593455,39,melancholic,theme,mid,pop,mixed,love|heartbreak|desire,cooldown,mixed|high_arousal|nostalgic,negative
e67d14303019a18d658fba5ace47c14438903cd2,593833,22,melancholic,theme,low,pop|indie,mixed,love|heartbreak,cooldown,heartbreak|mixed|high_arousal,negative
eae9e3755ff16916c1b24feed67c9b92ccd4a7ec,595410,41,euphoric|confident,theme,high,pop|dance_pop,mixed,love,same_vibe,romantic_tension|chill|party,positive
d1de34be75c86d136d5a6f7bf85ae89582bcfe23,595813,63,confident|uplifting|playful,theme,mid,pop|dance_pop,mixed,love,same_vibe,romantic_tension|party|chill,positive
ef9432162a2f65f2cd33c2b8ba31d47b21c9db1e,595835,49,euphoric|playful,theme,high,pop|electropop,mixed,love,same_vibe,theatrical|romantic_tension|confident,positive
f673ae9ced52c6662e4d8df848377504d5f07452,595978,33,euphoric|playful,mixed,high,pop|dance_pop,mixed,love,same_vibe,romantic_tension|confident|chill,positive
9259b68864da7d100e27f218862fc67e8ab6902e,597625,55,confident,theme,mid,pop|electropop,mixed,love|conflict,same_vibe,romantic_tension|cinematic|mixed,negative
9a34a2c76df7f0b5b6d47aa63deed3b106b19fb2,598382,42,uplifting,mixed,mid,pop|electropop,mixed,love,same_vibe,romantic_tension|confident|mixed,positive
439d74611bf0536b7195ac8b099e7b293b62dcdd,598388,58,confident,theme,mid,pop|soundtrack,mixed,love|depression,cooldown,romantic_tension|cinematic|mixed,negative
89bbd35e4879e6a3b1f533a25393fa35330a1262,598978,43,uplifting|confident,theme,mid,pop|electropop,mixed,mixed,same_vibe,dancefloor|party|chill,positive
a0b89a9a3d4fb9e50eb1d9170502764564aac889,600115,54,euphoric|playful,theme,high,pop|dance_pop,mixed,love,same_vibe,romantic_tension|chill|confident,positive
1470b315aa71de2db13a890636c4b6ca4e392636,600842,60,confident,theme,mid,pop|country,mixed,love|depression,cooldown,romantic_tension|cinematic|mixed,negative
ce2036a6a22e54b42b8978b1a6b64f9071e8c065,602820,40,confident|uplifting|playful,theme,high,pop|indie|electropop,mixed,love,same_vibe,dancefloor|party|mixed,positive
db0a62ed53fd6e62d3d524a048873938c2059c38,603291,46,euphoric|playful,theme,high,pop|dance_pop,mixed,love|desire,same_vibe,theatrical|confident|mixed,positive
007daba2d21ae13d86077b784fb6f0bce2b975c1,603417,48,euphoric|playful,mixed,high,pop|dance_pop,mixed,love,same_vibe,romantic_tension|chill|confident,positive
39124a98bf65ed6ea41a66060f5b5db7a83e37ea,605301,40,euphoric|playful,theme,high,pop|electropop,mixed,love,same_vibe,theatrical|confident|mixed,positive
3cf286342b102f36e3cf54549904d85eb999efaa,607364,74,euphoric|playful,mixed,high,pop|dance_pop,mixed,love,same_vibe,romantic_tension|confident|chill,positive
33b9fc921c6c0bf53857936f22424aee3b4f3e99,607483,50,euphoric|playful,mixed,high,pop|dance_pop,mixed,love,same_vibe,romantic_tension|confident|party,positive
36fb6fd574e6b8f23114c4539eaf1aa55afa5f7f,612036,35,uplifting,theme,mid,pop,mixed,love|conflict,same_vibe,confident|mixed|high_arousal,positive
8ce382cedc04ef24a3c9d51ed83bb71c2d7d1ac9,612344,38,melancholic|uplifting,theme,low,pop,mixed,love|conflict,cooldown,chill|mixed|high_arousal,positive
b79e293e16f1bd11ba6a4506d3e43f5819241672,613288,29,euphoric|playful,mixed,high,pop|dance_pop,mixed,love,same_vibe,romantic_tension|confident|party,positive
8c9ff2e04684aa328878f16a06753cb007851219,613291,49,euphoric|playful,mixed,high,pop|dance_pop,mixed,love,same_vibe,romantic_tension|confident|party,positive
cfa253ab249535fd7093533e2efd335554fb4fb6,613506,59,euphoric|playful,mixed,high,pop|dance_pop,mixed,love,same_vibe,romantic_tension|confident|party,positive
90e606a1e3d2e6ffa0e31fb20726de9e009b2173,614217,57,confident|uplifting,mixed,high,pop|dance_pop,mixed,love,same_vibe,romantic_tension|chill|party,positive
c0adf6ceccd04f8322f94a1043a3024cd59b6d21,614543,41,euphoric|playful,mixed,high,pop|dance_pop,mixed,love,same_vibe,romantic_tension|chill|confident,positive
b374be294c56f5f99c18f490ab3577d4674f93e0,614769,35,confident|playful,theme,mid,pop|dance_pop,mixed,love,same_vibe,romantic_tension|party|chill,positive
53cfec8b580d96ce3ebe416ccc3e29be70b3c1e7,615152,35,uplifting|confident,mixed,mid,pop|indie,mixed,love,same_vibe,chill|acoustic|mixed,positive
d96b8810ac5082abcb90dcc82b6c4134d4689155,616692,31,confident|playful,mixed,mid,pop|dance_pop,mixed,love,same_vibe,mixed|high_arousal|nostalgic,positive
bce45e0a6837da28aa5314f3c0d8f0c3cb53cd62,616933,41,euphoric|playful,mixed,high,pop|dance_pop,mixed,love,same_vibe,romantic_tension|confident|party,positive
f200969c148a5232751936547b4ec264bc51ff0e,617462,50,euphoric|confident,theme,mid,pop|dance_pop,mixed,love,same_vibe,romantic_tension|party|chill,positive
f136b1cfaa1354923a8fe6d770e76c1a446fdb0a,618312,49,euphoric|playful,mixed,high,pop|dance_pop,mixed,love,same_vibe,romantic_tension|chill|confident,positive
82fbc86d9f915e87726efdc4af1d65cdc75d81c2,618933,37,euphoric|playful,mixed,high,pop|electropop,mixed,love,same_vibe,theatrical|confident|mixed,positive
73f2e2277ddd29c05616ca36b539be51b73d21b1,620603,89,confident,theme,mid,pop|soundtrack,mixed,love|depression,cooldown,romantic_tension|cinematic|mixed,negative
27e418bc0ed74f3e06bb683db9ebd1a787de6860,621485,45,mixed,mixed,mid,pop,mixed,love|heartbreak,cooldown,heartbreak|mixed|high_arousal,negative
bae4dec7ef11d4bb414283f10f62b97b60122385,623000,55,uplifting|confident,mixed,mid,pop|dance_pop,mixed,love,same_vibe,romantic_tension|chill|party,positive
9f3b65978086e146e694db71f0fe39caad0b0a8c,624223,49,euphoric|playful|dreamy,theme,high,pop|electropop,mixed,love|desire,same_vibe,theatrical|confident|mixed,positive
d3b52cb14e19bc25edc7d8ac9721609eae05f168,624940,49,uplifting|confident,mixed,high,pop,mixed,love,same_vibe,chill|party|mixed,positive
eb78f99fb27034750099c2b005823d176845b114,624971,49,uplifting|confident,theme,mid,pop|dance_pop,mixed,love,same_vibe,romantic_tension|chill|party,positive
8bdf33b18126691981a6061a42d4a2a5d70d9dbd,625384,44,confident|playful,mixed,mid,pop|electropop,mixed,mixed,same_vibe,party|chill|mixed,positive
c3ed8c7b14fbca3836613fd074c494350272914e,625780,77,euphoric|playful,theme,high,pop|dance_pop,mixed,love,same_vibe,romantic_tension|chill|confident,positive
8fe2b76ede4bd85134b45d6f3956ee7b36ba3892,625837,52,euphoric|playful,mixed,high,pop|dance_pop,mixed,love,same_vibe,romantic_tension|confident|chill,positive
8dd793eb021ab2ba5c82e2afc4d5b667f39b46f8,626809,41,mixed,theme,mid,pop|indie,mixed,love|heartbreak,cooldown,cinematic|mixed|high_arousal,negative
5f83929bdc935d61117fead9f44c28d95b4ee3ea,627030,44,euphoric|playful,mixed,high,pop|dance_pop,mixed,love,same_vibe,romantic_tension|chill|confident,positive
cdfd327a0873c7da2d5d97382372a673a3d2082c,628814,39,euphoric|playful,mixed,high,pop|dance_pop,mixed,love,same_vibe,romantic_tension|confident|party,positive
6fc1c547b19286f1756b5b9b3e665e2e38a1cc41,630491,68,euphoric|playful,mixed,high,pop|dance_pop,mixed,love,same_vibe,theatrical|confident|mixed,positive
9f8a74cd5d39c69c91ebb03b4a3523c04cac2c61,631062,82,euphoric|playful|dreamy,theme,high,pop|electropop,mixed,love|desire,same_vibe,theatrical|confident|mixed,positive
e022553166ac3fafaea76888bf487d97c5b12dbc,631183,74,euphoric|playful,mixed,high,pop|dance_pop,mixed,love,same_vibe,romantic_tension|confident|party,positive
9c402be9ed2530cb665c065264bf40d6052a2a42,631389,43,confident|uplifting,mixed,high,pop|dance_pop,mixed,mixed,same_vibe,party|mixed|high_arousal,positive
94b4995c4be79419d81e60c6d2206f64f7da802b,631867,31,euphoric|confident,theme,high,pop|dance_pop,mixed,love,same_vibe,romantic_tension|chill|party,positive
6d27dea1875956175498212becfa3a40134dc4e1,634011,45,euphoric|playful,mixed,high,pop|dance_pop,mixed,love,same_vibe,romantic_tension|confident|chill,positive
ae53cf7af530e6b76b726454efec7c8f0d10b887,634376,59,euphoric|playful,mixed,high,pop|dance_pop,mixed,love,same_vibe,romantic_tension|confident|party,positive
717677d219f4f287c7d24c99de78409dbabb905b,634495,48,confident|euphoric,theme,high,pop|dance_pop,mixed,love,same_vibe,party|romantic_tension|mixed,positive
572f1b76ee7eb6f96550aa1878d07045f1707026,634771,44,confident|uplifting,mixed,high,pop|dance_pop,mixed,love,same_vibe,party|romantic_tension|mixed,positive
6be9982611a7ffee5139394535fd575d2e3758ea,637848,57,melancholic|romantic,theme,low,pop|soul,mixed,love|heartbreak,same_vibe,chill|mixed|high_arousal,positive
2373057dcf17907da590bdeacdf3c27c7e61179f,638869,19,euphoric|playful,mixed,high,pop|electropop,mixed,love,same_vibe,romantic_tension|chill|confident,positive
d5671459639d95e20f4135bb08ffe84586603e28,639481,49,euphoric|playful,mixed,high,pop|dance_pop,mixed,love,same_vibe,romantic_tension|confident|party,positive
cadb93f5f99535319bd863abdc23cf0de640eac9,639580,57,euphoric|playful,theme,high,pop|dance_pop,mixed,love,same_vibe,romantic_tension|confident|party,positive
c3a4b3e8d75783c59b94e7ea3dcc1246aed10607,639859,63,melancholic|uplifting,theme,mid,classic_rock|folk,mixed,love|conflict,same_vibe,cinematic|mixed|high_arousal,positive
47be2e498fefbbaaaecdc8379f1a5a86f4b392da,640441,86,euphoric|playful|dreamy,theme,high,pop|electropop,mixed,love|self_expression,same_vibe,theatrical|confident|mixed,positive
350c16f0b9fef2624ae97032deb34a99342bff84,640718,58,confident|uplifting,mixed,high,pop|dance_pop,mixed,love,same_vibe,party|romantic_tension|mixed,positive
3004caa3ae0e647a2745f545f83a3d9c5f1f78c7,641215,47,mixed,theme,low,pop,mixed,love|heartbreak,cooldown,romantic_tension|heartbreak|mixed,negative
3f29aa25795ffe630ad76de6957eb1829df85fca,641365,50,euphoric|playful,theme,high,pop|dance_pop,mixed,love,same_vibe,romantic_tension|chill|confident,positive
76d9a93c9834317acfa7bc08d0418c498d5a9615,641457,36,uplifting,theme,high,pop|dance_pop,mixed,love,same_vibe,romantic_tension|confident|party,positive
93674520fa9d10acbd875c6343bfb42e191bc36f,642886,41,euphoric|playful,theme,high,pop|dance_pop,mixed,love,same_vibe,romantic_tension|confident|party,positive
8565ee4c3e5eec886840980983fd8af0429db248,643761,50,euphoric|playful,mixed,mid,pop|dance_pop,mixed,love,same_vibe,romantic_tension|chill|confident,positive
90a2e0bf715a6c2de1ee03945e473c60eb2ebcc8,645105,43,euphoric|playful,theme,high,pop|dance_pop,mixed,love,same_vibe,romantic_tension|chill|confident,positive
393f53b6b8fba790075b994a32d8b8f99bd713bb,646579,41,uplifting|confident,mixed,mid,pop|dance_pop,mixed,love,same_vibe,romantic_tension|chill|party,positive
89782a8a2cb91fae649b95817f029c846c16de9a,648799,40,euphoric|confident,theme,high,pop|dance_pop,mixed,love,same_vibe,romantic_tension|party|chill,positive
5df3f33cb4d7e4b34b7923f76af4856dbc0565f2,649028,37,melancholic,theme,high,pop|alt_rock,mixed,love|heartbreak,cooldown,theatrical|romantic_tension|mixed,negative
f967fb17860c958c13d11c5e121850f4944e61dc,652163,49,euphoric|playful,theme,high,pop|dance_pop,mixed,love,same_vibe,romantic_tension|confident|party,positive
8e48d35e34b3172c577f2da53bbce2505141c679,652364,49,uplifting|confident,theme,mid,pop,mixed,love,same_vibe,romantic_tension|chill|mixed,positive
a7438a7d47d70d260ce838ce6c667088ce98d05a,653838,68,confident|uplifting|playful,mixed,mid,pop|electropop,mixed,love,same_vibe,romantic_tension|chill|mixed,positive
743a41392e6813028b3a1c2aff298dd8236039bd,655516,31,confident|uplifting,theme,high,pop|electropop,mixed,mixed,same_vibe,dancefloor|party|mixed,positive
077125705dc47dd8138fd516d698c4162bb41c84,655542,35,euphoric|playful,mixed,high,pop|dance_pop,mixed,love,same_vibe,confident|party|mixed,positive
2e45da514fa5037e5ce81201af630e31f0b7c7d5,656463,45,uplifting|playful,mixed,high,pop|dance_pop,mixed,love,same_vibe,confident|party|mixed,positive
921c4bb667e6330ef423126f543db076ab9fb242,657102,53,euphoric|playful,mixed,high,pop|dance_pop,mixed,love,same_vibe,romantic_tension|confident|party,positive
ee60688dc965c19f35a567a9fc57cae3a2fc7fc8,659380,47,mixed,theme,mid,pop|electropop,mixed,love|heartbreak,same_vibe,romantic_tension|confident|mixed,negative
600341dbe6eb71a58b96c88f0ba9136e3a1887b3,660385,44,confident|uplifting|playful,mixed,mid,pop|electronic,mixed,love,same_vibe,romantic_tension|chill|mixed,positive
f62bfa3bc6f1f6f9a0faa5e5b38c4dbdea8a25d6,663013,48,euphoric|confident,theme,high,pop|dance_pop,mixed,love,same_vibe,romantic_tension|party|chill,positive
955f857aa6151b1b7911162ff6f7eb70bae701c3,665937,44,confident|uplifting|playful,theme,mid,pop|dance_pop,mixed,love,same_vibe,romantic_tension|party|chill,positive
54663b06c4dc82d18d1a682099f1367406ce6156,666368,87,confident|uplifting|playful,theme,mid,pop|dance_pop,mixed,love,same_vibe,romantic_tension|party|chill,positive
d75f0696e79c7bf71ae1db50b10fb74e05fd64ea,666518,47,mixed,theme,mid,pop,mixed,love|heartbreak,cooldown,heartbreak|mixed|high_arousal,negative
dc238e3de8379f71177f9b55bcc4ffbec5894856,667906,67,euphoric|playful|dreamy,theme,high,pop|electropop,mixed,love|desire,same_vibe,theatrical|confident|mixed,positive
79666e27bbf69efdc29ebcd616fae63f7503cd81,668741,45,euphoric|playful,mixed,high,pop|dance_pop,mixed,love,same_vibe,romantic_tension|chill|confident,positive
cae93a79f5587fe1fddd67955ae1e12bcc2ba58a,669045,42,euphoric|playful,theme,high,pop|dance_pop,mixed,love|celebration,same_vibe,confident|party|mixed,positive
743bd7f06b8956896baa1b164b790b4f801ad2db,669871,74,confident,theme,mid,pop|soundtrack,mixed,love|depression,cooldown,romantic_tension|cinematic|mixed,negative
f12b1a0b91723482cafca68ff487c0ff6e938781,670086,34,uplifting|confident,theme,mid,pop|dance_pop,mixed,love,same_vibe,chill|romantic_tension|mixed,positive
9d3f952415c1b5d088445bf4f3983080560c6bda,671146,66,confident,mixed,mid,pop|soundtrack,mixed,love|heartbreak,same_vibe,cinematic|romantic_tension|mixed,negative
abb68dd671c96028acd60b372e2e4287ea12fcab,671596,42,euphoric|playful,mixed,high,pop|dance_pop,mixed,love,same_vibe,romantic_tension|chill|confident,positive
5b7d1f7553efda60df18a0c8053d3405336d20fb,671623,49,uplifting|playful,theme,high,pop|dance_pop,mixed,love|self_expression,same_vibe,theatrical|confident|mixed,positive
5e68e597e06cc1891e7a37a3e52758c7752be6c4,672579,37,confident|playful,theme,mid,pop|dance_pop,mixed,love,same_vibe,romantic_tension|party|chill,positive
5f23b8cc948815e171cc2e01632b0f1329eeabb7,678344,40,euphoric|playful,mixed,high,pop|dance_pop,mixed,love,same_vibe,romantic_tension|confident|party,positive
6b44c5fe99490f86a79656acf37135a4fc704fb3,680686,51,euphoric|playful,mixed,high,pop|dance_pop,mixed,love,same_vibe,romantic_tension|confident|party,positive
a10617ee90227fd77d8d3238da44723afd3eba88,681489,48,euphoric|playful,theme,high,pop|dance_pop,mixed,love,same_vibe,romantic_tension|confident|party,positive
b98f6dc32c0cd51191c6bd75fffca4497d55a8c5,681504,50,euphoric|playful,theme,high,pop|dance_pop,mixed,love,same_vibe,theatrical|confident|mixed,positive
b7a64fa7aaf39dceed14484e230603adc2e4fcfd,682590,50,confident|playful,theme,mid,pop|dance_pop,mixed,love,same_vibe,romantic_tension|party|chill,positive
f3f69eeabc491c9ccec5ea9f5c49fbc494a7c6e1,683048,49,euphoric|playful,mixed,high,pop|dance_pop,mixed,love,same_vibe,confident|chill|mixed,positive
bd6a3a929a71c4acc017a220163e8a9be13d7247,683456,72,euphoric|playful,mixed,mid,pop|dance_pop,mixed,love,same_vibe,romantic_tension|confident|chill,positive
06329869fe95e7f6a8b36c69194285fcb173457c,686080,49,euphoric|playful,theme,high,pop|dance_pop,mixed,love,same_vibe,romantic_tension|confident|party,positive
5b4f918c24af0efc9136e8ecb59d9671d80534c0,686668,43,euphoric|playful|dreamy,theme,high,pop|electropop,mixed,love|desire,same_vibe,theatrical|confident|mixed,positive
c5a07deaababcd2243477df9751ca27ef2159703,688327,103,euphoric|playful,mixed,high,pop|dance_pop,mixed,love,same_vibe,romantic_tension|confident|party,positive
ac070c61fe70bdadab5c9b98cf77bf5a03cc9289,688690,59,confident,theme,mid,pop|soundtrack,mixed,love|depression,cooldown,romantic_tension|cinematic|mixed,negative
7b5bc669e02e78207249d177430d69d35ec24546,689746,94,euphoric|playful,mixed,high,pop|dance_pop,mixed,love,same_vibe,romantic_tension|confident|party,positive
b3840f716d6fb996cf01a69ab9caefc4e0c5b59d,690866,45,euphoric|playful,mixed,high,pop|dance_pop,mixed,love,same_vibe,romantic_tension|confident|party,positive
dcec927dfe25d4965871efc2eade747fb219e09f,691277,107,melancholic|uplifting,mixed,mid,pop|soundtrack,mixed,love|conflict,same_vibe,cinematic|mixed|high_arousal,positive
69c052bb5215696c307da1702f3b8c1d8df74cbd,692540,48,confident|euphoric,theme,high,pop|dance_pop,mixed,love,same_vibe,party|romantic_tension|mixed,positive
a7a6085240eae842b7e7b06244b837964551cc18,694173,49,melancholic|romantic,theme,mid,pop|soundtrack,mixed,love|conflict,same_vibe,cinematic|mixed|high_arousal,positive
5e042d4747e60878cc8c905012bfc2fb455e8c4d,694703,67,euphoric|playful,mixed,high,pop|electropop,mixed,love,same_vibe,romantic_tension|confident|party,positive
abc4bda2340884771f9bdb513a47cd61d76dc0f3,695195,96,uplifting|confident,theme,high,pop|electropop,mixed,love,same_vibe,chill|party|mixed,positive
3ffb5e9cd55e3a6115fd6f77ffa07531f3b9c1a4,700190,35,melancholic,theme,low,classic_rock|folk,mixed,love|heartbreak,cooldown,cinematic|mixed|high_arousal,negative
60427f5a27a6749293494212948434aabe403a15,701202,46,melancholic|romantic,theme,low,pop|indie,mixed,love|conflict,cooldown,romantic_tension|chill|mixed,negative
1ccea53277a6e7eb865d7e0cb829537166df7eb9,703534,40,euphoric|playful,mixed,high,pop|dance_pop,mixed,love|heartbreak,same_vibe,theatrical|confident|mixed,positive
f797801121ae45b52fe8715a27adc6e6e3da78a1,703814,80,euphoric|playful|dreamy,mixed,high,pop|electropop,mixed,love,same_vibe,theatrical|confident|mixed,positive
22864faf5945dc0f9a18542ca71dd1a286224382,704571,40,euphoric|playful,mixed,high,pop|dance_pop,mixed,love,same_vibe,romantic_tension|confident|party,positive
0ec74d2efc1123cbafb11b3d8c2ef7f7c6fafafa,704705,95,melancholic|uplifting,theme,mid,pop|rock,mixed,love|conflict,same_vibe,cinematic|mixed|high_arousal,positive
60322ee5f8cf73169a10f50481fb6de79276e5bc,707332,38,euphoric|playful,theme,high,pop|dance_pop,mixed,love,same_vibe,romantic_tension|confident|party,positive
daeccaa3ed63a7d1c4aab17aa92e4f238309281b,707796,88,confident|romantic,mixed,high,pop|dance_pop,mixed,love,same_vibe,party|romantic_tension|mixed,positive
0075637e5ca3d7e9679cdf18e5f64620f285c2ff,708284,40,uplifting|confident,theme,mid,pop|dance_pop,mixed,love,same_vibe,romantic_tension|chill|party,positive
b93f4a8b53a1ffceab4720deb32542294c754919,709936,61,euphoric|playful,theme,high,pop|electropop,mixed,love,same_vibe,theatrical|confident|mixed,positive
35a991daa80f9cf89101aa5350544a0f82217c5a,714219,67,uplifting|confident,theme,mid,pop|dance_pop,mixed,love,same_vibe,party|workout|chill,positive
10a758d51a8efd32d55b3b824827648b7f06092b,715488,47,euphoric|playful,mixed,high,pop|electropop,mixed,love,same_vibe,theatrical|confident|mixed,positive
2cf554b6c4eb24596b036757576ec28210cea92f,716030,107,confident|uplifting,mixed,high,pop|dance_pop,mixed,love,same_vibe,party|romantic_tension|mixed,positive
8c904548c5df80a66d951f4d92813650cb0ab340,716249,43,euphoric|playful,theme,high,pop|dance_pop,mixed,love,same_vibe,romantic_tension|chill|confident,positive
01cc24a59e881b247cdf20ccf8cb8bfffbd405f6,716514,63,euphoric|playful,mixed,high,pop|dance_pop,mixed,love,same_vibe,romantic_tension|confident|party,positive
cb0f25d56acc666af9c964fe79297cebbce76931,717143,51,euphoric|playful,mixed,high,pop|dance_pop,mixed,love,same_vibe,romantic_tension|confident|party,positive
199db58250643b2eb439ab93ed139750472cbdfe,717278,72,melancholic|uplifting,mixed,mid,pop|electropop,mixed,love|conflict,same_vibe,cinematic|mixed|high_arousal,positive
c4143ebcfcc53e8766a910cc97b04565985607c4,717446,40,euphoric|playful,mixed,high,pop|dance_pop,mixed,love,same_vibe,romantic_tension|confident|party,positive
a22e3f058339d497fe5636a5392e7c6626eb5303,717600,71,euphoric|playful,mixed,high,pop|electropop,mixed,love,same_vibe,theatrical|confident|mixed,positive
60b048dd9ebc49990242329e1bac0a609e4b4c5d,717880,41,euphoric|playful,mixed,high,pop|dance_pop,mixed,love,same_vibe,romantic_tension|chill|confident,positive
c815f47f16db884e770d7b02c641a7b38b05609d,718111,48,euphoric|playful,mixed,high,pop|dance_pop,mixed,love,same_vibe,romantic_tension|chill|confident,positive
919f07ffc320bd71b3d80aa44df5118ac6b6ac9c,720797,57,uplifting|confident,theme,mid,pop|dance_pop,mixed,love,same_vibe,party|chill|mixed,positive
9aee92d321672ab8b8a4a570692c3bd384968924,721816,48,euphoric|playful,theme,high,pop|dance_pop,mixed,love,same_vibe,romantic_tension|confident|party,positive
ddb9462747e45c5d72b5751e4bd307509abacc63,722886,47,uplifting|playful,theme,mid,pop|dance_pop,mixed,love,same_vibe,chill|romantic_tension|confident,positive
0188ef0a3dfe2d5e1b52633ee0f7545a60c0c932,723049,56,euphoric|playful,mixed,high,pop|electropop,mixed,love,same_vibe,theatrical|confident|mixed,positive
f190c150924af381814ccaaa7d8ae624ab90f938,723942,59,euphoric|playful,mixed,high,pop|dance_pop,mixed,love,same_vibe,romantic_tension|confident|chill,positive
72e08f30753ceec7ed576f93d1eda902b18d8f5e,728830,51,euphoric|playful,mixed,high,pop|dance_pop,mixed,love|heartbreak,same_vibe,theatrical|confident|mixed,positive
9411055c97957fac22cbdc234f5a294a448b8396,728913,87,melancholic,theme,mid,pop,mixed,love|heartbreak,cooldown,cinematic|mixed|high_arousal,negative
3da9017ad43766e3cc915f68b18dcd22883845b0,730023,42,confident|uplifting,theme,mid,pop|electropop,mixed,love,same_vibe,dancefloor|party|chill,positive
652c4764dfc4d4bced68f0c9f2408a279d5d2435,730112,39,melancholic|uplifting,theme,mid,classic_rock,mixed,conflict|depression,cooldown,theatrical|cinematic|mixed,positive
3318a9777fe0c8cb9570027beb422f21d0ce9780,730114,85,euphoric|playful,mixed,high,pop|electropop,mixed,love,same_vibe,theatrical|confident|mixed,positive
e3ce2d7f1a05e43be889b73014ad76297fe2a7e9,733170,34,confident,theme,mid,pop|soundtrack,mixed,love|heartbreak,same_vibe,romantic_tension|cinematic|mixed,negative
78f4213c447749b1bbfd15e8a479e7752e758135,733242,63,euphoric|playful,mixed,high,pop|dance_pop,mixed,love,same_vibe,romantic_tension|confident|party,positive
6c9a62fc644b3dfdf884ccf0ad5c94582177ba10,733551,99,confident,theme,mid,pop|soundtrack,mixed,love|depression,cooldown,romantic_tension|cinematic|mixed,negative
11f23ef9fb99c4c60bd1a6a3c888bb5025e0674b,735575,43,euphoric|playful,mixed,high,pop|dance_pop,mixed,love,same_vibe,romantic_tension|confident|party,positive
2e668e0da8729440bf690ef80cebad79d1d1f9e4,735941,46,melancholic|uplifting,theme,mid,pop|electropop,mixed,love|conflict,same_vibe,cinematic|mixed|high_arousal,positive
0437d90bb293644c6887da5cbb63932a1b88de36,736653,77,euphoric|playful,theme,high,pop|dance_pop,mixed,love,same_vibe,romantic_tension|confident|party,positive
08f8ecdea33734266f7fb5f1c923219204a24d35,736698,45,confident|uplifting|playful,theme,mid,pop|dance_pop,mixed,love,same_vibe,romantic_tension|chill|party,positive
154270da9c4901183875c622b61b95b25b932abd,736928,56,euphoric|playful,theme,high,pop|dance_pop,mixed,love|desire,same_vibe,theatrical|confident|mixed,positive
db7ab36d107b770d640af61e33f99503ceedaa46,739721,45,euphoric|playful,theme,high,pop|dance_pop,mixed,love|desire,same_vibe,theatrical|confident|mixed,positive
ba1f2fa671c23e3ee39902fe6cdcace224f636ff,740178,48,euphoric|playful,theme,high,pop|electropop,mixed,love,same_vibe,theatrical|confident|mixed,positive
6c10ec089ac2f6ac2c5ef9796413d16697b7ce05,742282,38,euphoric|playful,theme,high,pop|dance_pop,mixed,love,same_vibe,romantic_tension|confident|party,positive
a4b210e950b7d80e981fbe87eb78195897a10e9c,743105,42,confident|uplifting,mixed,high,pop|dance_pop,mixed,love,same_vibe,party|romantic_tension|mixed,positive
3d903c33b23a8c295b3812360e21965daac28260,743884,49,euphoric|playful,mixed,high,pop|dance_pop,mixed,love,same_vibe,romantic_tension|confident|party,positive
1b4e8e5ec5bd82a9230c0c5bf6af5d924ad476dd,744014,23,euphoric|playful,mixed,high,pop|electropop,mixed,love,same_vibe,theatrical|confident|mixed,positive
8af21543ae0ab227de67037318abbddd7b39ae6e,745393,49,euphoric|playful,theme,high,pop|dance_pop,mixed,love,same_vibe,romantic_tension|confident|party,positive
648e62fbf7e4966ee7a2375c0022c20362ba9752,747529,90,confident|playful|dreamy,theme,mid,pop|electropop,mixed,love|heartbreak,same_vibe,romantic_tension|chill|mixed,positive
aae66531fb4d29ae6632e416dc31e7ef78337130,748151,68,euphoric|confident,theme,high,pop|dance_pop,mixed,love,same_vibe,romantic_tension|chill|party,positive
09040c29bcb6b2739d03b587a2c09cd54feb9541,748611,52,euphoric|playful,theme,high,pop|dance_pop,mixed,love,same_vibe,romantic_tension|confident|party,positive
b0fa8ef3b26e798f72dd837aa0a68b4519a5ace9,748746,45,euphoric|playful,mixed,high,pop|dance_pop,mixed,love,same_vibe,romantic_tension|confident|party,positive
1b664ec4294d2448a44ff6bb469b835eb32f83e7,749815,86,confident,theme,high,electronic|pop,mixed,love,same_vibe,dancefloor|party|club,positive
2ed90c8b84e4f45d2a850bd1c444986a42492037,750279,54,euphoric|playful,mixed,high,pop|dance_pop,mixed,love,same_vibe,romantic_tension|confident|chill,positive
fe89f7681c4a2586c142accad0f2d0a9236ee422,750569,48,uplifting|confident,mixed,mid,pop|electropop,mixed,love,same_vibe,chill|confident|mixed,positive
f6ab5e1a54fbc5d4b3ceeb3081383c3ebb4ff484,750640,68,euphoric|playful,theme,mid,pop|dance_pop,mixed,love,same_vibe,romantic_tension|chill|confident,positive
f04ba12e4e4715ca6f472c87498a079cd2f7e159,750877,70,melancholic|uplifting,theme,mid,pop|electropop,mixed,love|conflict,same_vibe,cinematic|mixed|high_arousal,positive
ff15f24cfb48ee9c49d5ff3f9a663c6d0b1dab88,751372,48,confident|playful,theme,mid,pop|dance_pop,mixed,love,same_vibe,romantic_tension|party|chill,positive
73be34cf0e3e5204ce7ecdd07e05418d5749e31d,752832,45,euphoric|playful,mixed,high,pop|dance_pop,mixed,love,same_vibe,romantic_tension|confident|party,positive
edc9ee98ebb0f8ac3ad249f87d0447d8cd39e27c,756515,40,euphoric|playful,mixed,mid,pop|dance_pop,mixed,love,same_vibe,romantic_tension|chill|confident,positive
11632b9d96d7f987aef740c2fc5ac8cd0e22e26f,756881,50,euphoric|playful,theme,high,pop|dance_pop,mixed,love,same_vibe,romantic_tension|confident|party,positive
f3b4e64dac2683fbbf4b22ae55a6a8cff37ce217,757885,41,melancholic|romantic,theme,mid,pop|indie,mixed,love|heartbreak,same_vibe,confident|mixed|high_arousal,positive
f22aba592e347ecb8c129876509ded742ebac4d5,759707,65,euphoric|playful,mixed,high,pop|dance_pop,mixed,love,same_vibe,romantic_tension|confident|party,positive
8233f1115602936c955678c83c57cec859172427,763887,53,uplifting|confident,theme,mid,pop|dance_pop,mixed,love,same_vibe,romantic_tension|chill|party,positive
cd57f8f7ef3a191e6a935f5bc558e87354d7b2df,764492,47,euphoric|playful,mixed,high,pop|dance_pop,mixed,love,same_vibe,romantic_tension|confident|party,positive
091f3c3bdf02024cbecf63dd5860e3ab0e4df5fb,764826,84,euphoric|confident,theme,high,pop|dance_pop,mixed,love,same_vibe,romantic_tension|party|chill,positive
0aaf2d20187e165676203a26719dddbecb0a2876,765677,38,uplifting|confident,mixed,high,dance_pop,mixed,mixed,same_vibe,party|mixed|high_arousal,positive
5203e52d9214066a6757cecfa662a38efbec7918,767865,48,euphoric|playful,theme,high,pop|dance_pop,mixed,love,same_vibe,romantic_tension|confident|party,positive
b62428d9b6a41990f6ed563d4aba650849b796d2,768637,79,euphoric|playful,theme,high,pop|electropop,mixed,love,same_vibe,theatrical|confident|mixed,positive
18fb918f588573f3cc7783524424e36105acd9c2,768666,85,confident|euphoric|romantic,theme,high,pop,mixed,mixed,same_vibe,dancefloor|party|mixed,positive
83e7ee711faaa1d2017298e9c4c99490450cd06f,768858,45,confident,theme,mid,pop|soundtrack,mixed,love|depression,cooldown,romantic_tension|cinematic|mixed,negative
1cb6ed6ead720cbc757249dbe56192d323979451,782342,46,confident|uplifting|playful,theme,mid,pop|electropop,mixed,love,same_vibe,romantic_tension|chill|mixed,positive
6d55f557cdac47fe5d2fcea489157b2b3cf1463c,784883,47,uplifting|playful,theme,high,pop|rock,mixed,love|heartbreak,same_vibe,theatrical|mixed|high_arousal,positive
7f68e1985e7f059dbb4321d8515491b5b25c072f,789264,43,euphoric|playful,mixed,high,pop|electropop,mixed,love,same_vibe,romantic_tension|confident|chill,positive
08bd441957457b58a7d976769185302fe624ad0c,794789,56,euphoric|playful,theme,high,pop|indie,mixed,love,same_vibe,romantic_tension|chill|confident,positive
5c339aecf9a199a23739fbac523dc70de8a03823,797620,54,confident|playful,theme,high,rock|pop,mixed,love|heartbreak,same_vibe,theatrical|mixed|high_arousal,positive
b0de7aac19ca73a1b9b3f398d9d310c6741d0c05,803609,47,euphoric|playful,mixed,high,pop|dance_pop,mixed,love,same_vibe,theatrical|confident|mixed,positive
24caedf2129b1ad343d089a875326a89cc7697b5,807676,57,euphoric|playful,theme,high,pop|dance_pop,mixed,love,same_vibe,theatrical|confident|mixed,positive
c23830c9e701e1c39a59e9147750cd285fa0b973,813857,49,euphoric|confident,theme,high,pop|dance_pop,mixed,love,same_vibe,romantic_tension|party|chill,positive
bc36c57b5c981c52380e9ea5455b14f3e51804ef,819830,90,confident,theme,mid,pop,mixed,love|heartbreak,cooldown,romantic_tension|cinematic|mixed,negative
17bd26a8460dc1758718455a1aa19a8d0989a7da,826120,43,euphoric|playful,theme,high,pop|dance_pop,mixed,love,same_vibe,theatrical|confident|mixed,positive
061c63853c20161bf454abc09be1083cf838c6b5,837783,66,confident|uplifting|playful,theme,high,pop,mixed,love,same_vibe,dancefloor|party|mixed,positive
ff7e439ed788bf54207c8212de1345f602198534,841639,64,confident,mixed,mid,rock|pop,mixed,love|celebration,same_vibe,mixed|high_arousal|nostalgic,positive
8b4910febb11606c2ad2103a88f2cc0f5862d58a,842314,53,confident|uplifting,mixed,high,pop,mixed,love,same_vibe,party|romantic_tension|mixed,positive
6910655551759dd73b4787e21fb8d0f470ea52ff,844158,67,euphoric|playful,theme,high,pop|dance_pop,mixed,love|desire,same_vibe,theatrical|confident|mixed,positive
dc72fc3d8848ea03b6a7942ee9c7fe1d4d1ad229,844274,47,uplifting|confident,theme,mid,pop|dance_pop,mixed,love,same_vibe,romantic_tension|chill|party,positive
54d11b2ac202087fd9fffe7ef7375026318e72ae,845780,49,uplifting|confident,mixed,high,pop|dance_pop,mixed,love,same_vibe,chill|party|mixed,positive
ed7694b98c8f74022af921fb335e4a743750512d,851666,73,euphoric|confident,mixed,high,pop|dance_pop,mixed,love,same_vibe,romantic_tension|chill|party,positive
2d26336e104b9baf6d3d898d5921c3a97b79e412,853851,52,euphoric|playful|dreamy,theme,high,pop|electropop,mixed,love|self_expression,same_vibe,theatrical|confident|mixed,positive
6a1439c46322b4cef94bc06163e469676df04699,856157,103,melancholic|uplifting,theme,mid,pop|electronic,mixed,love|conflict,same_vibe,cinematic|mixed|high_arousal,positive
eb115fafc1bf10be47bae3e2a745154e1d329e90,859959,67,euphoric|playful,mixed,high,pop|dance_pop,mixed,love,same_vibe,romantic_tension|chill|confident,positive
d5f63e3d3f8cea56481ed80da503ede04dbcc741,860850,44,confident,theme,mid,pop|indie,mixed,love|resilience,same_vibe,cinematic|mixed|high_arousal,positive
b178c04d2ccb8ac41e23b4c7cf015c97b9b09dd9,865890,56,uplifting|confident,mixed,high,electronic|dance_pop,mixed,mixed,same_vibe,dancefloor|party|club,positive
1a677aa28dc4afd621b3ab98df27c6f1633008cc,870385,87,uplifting|confident,theme,mid,pop|indie,mixed,love|coming_of_age,same_vibe,chill|mixed|high_arousal,positive
145c550dc6b0be3b90de66699768469b5956ef15,881750,47,euphoric|playful,theme,high,pop|dance_pop,mixed,love,same_vibe,theatrical|confident|mixed,positive
017becd2f85715004c57e53cbb770f213dcd2c05,883765,42,confident|uplifting,theme,high,pop|dance_pop,mixed,love,same_vibe,party|romantic_tension|mixed,positive
0d6fda5834f77ad777812882d45b6062475c4045,884138,38,confident,theme,mid,pop|electronic,mixed,love|conflict,same_vibe,romantic_tension|cinematic|mixed,negative
830f204d0dde9e27b045728b3f03976385ea6dd7,889186,68,euphoric|playful,theme,high,pop|dance_pop,mixed,love,same_vibe,theatrical|confident|mixed,positive
398a8785f3a5ef6f7e404c4038334e7094b63832,890986,54,uplifting|confident,mixed,mid,pop,mixed,love,same_vibe,chill|mixed|high_arousal,positive
85d59dfc2c8b27f2006a46f2529f3ad570c32fcb,892597,54,melancholic|uplifting,theme,mid,pop|electropop,mixed,love|conflict,same_vibe,cinematic|mixed|high_arousal,positive
eab5c19a07e6fa895e2a1cd05efac671f4d21ca0,897054,42,confident,theme,mid,pop|electronic,mixed,love|depression,cooldown,romantic_tension|cinematic|mixed,negative
3f84aa867b1d21cfb47be4769f02753996ea6e02,897252,68,euphoric|playful,theme,high,pop|dance_pop,mixed,love,same_vibe,romantic_tension|confident|party,positive
49688b76e8e188831a7791920a6d44ce293308ff,901211,65,melancholic,theme,low,pop,mixed,love|heartbreak,cooldown,cinematic|mixed|high_arousal,negative
25e1ae6ad57f01875bccfe217fb355e721725de1,902551,51,confident,theme,mid,pop|rock,mixed,love,same_vibe,romantic_tension|cinematic|mixed,positive
b4b6deea02110ea0466077934ef8f34f96f75dad,902994,62,euphoric|playful,mixed,high,pop|dance_pop,mixed,love,same_vibe,romantic_tension|confident|party,positive
e331f1fccc2af5609a6530db8fffb807ee7f72df,906004,82,euphoric|playful,mixed,high,pop|dance_pop,mixed,love|heartbreak,same_vibe,theatrical|confident|mixed,positive
24e768e139c34c68b880270fa4d63c4d06b9a1bd,907883,45,euphoric|confident,mixed,high,pop|dance_pop,mixed,love,same_vibe,romantic_tension|chill|mixed,positive
e7644cd672e1ff044c8a6c2ed751dd7d2c3a8902,913161,47,melancholic|uplifting,theme,mid,pop|soundtrack,mixed,love|conflict,same_vibe,cinematic|mixed|high_arousal,positive
489433095536d8cb6dda289192013cb7ad6355b5,916080,33,confident|uplifting|playful,theme,mid,pop|dance_pop,mixed,love,same_vibe,romantic_tension|party|chill,positive
6cc7e936ab73def2bdc41b4deaecf8b13f1be7eb,917278,72,euphoric|playful,mixed,high,pop|dance_pop,mixed,love,same_vibe,confident|party|mixed,positive
2300dbd30cb6fcef0f5b307adddd474541cc031a,922300,118,euphoric,theme,high,pop|electropop,mixed,love,same_vibe,romantic_tension|confident|party,positive
65d1be73090ad16323397c35bcab7e39a79f502f,924479,40,confident|euphoric,mixed,high,dance_pop|pop,mixed,love,same_vibe,party|romantic_tension|mixed,positive
8956dd716acd5bb2f26d86e9e295b09452addfa9,927831,83,euphoric|playful,theme,high,pop|electropop,mixed,love,same_vibe,romantic_tension|chill|confident,positive
1f4e68c84a4338372aba775dea41acf5f278cb29,936393,68,euphoric|playful,mixed,high,pop|dance_pop,mixed,love,same_vibe,romantic_tension|confident|party,positive
da8ed0e3dad5e5893ddf25dad8664c42da1d1b21,938309,40,euphoric,mixed,high,pop|dance_pop,mixed,love,same_vibe,romantic_tension|confident|party,positive
175261625928427e47d0ed533a1148cf65706712,942822,76,melancholic|romantic,theme,mid,pop,mixed,love,same_vibe,confident|mixed|high_arousal,positive
c261bd53f99d8123e6389075367acd624e41f7dd,945172,93,euphoric|playful,mixed,high,pop|dance_pop,mixed,love|heartbreak,same_vibe,theatrical|confident|mixed,positive
6c1aa3ea969224cfe1e18ac4013611d75d5b3057,945567,59,euphoric|playful,theme,high,pop|dance_pop,mixed,love|heartbreak,same_vibe,theatrical|confident|mixed,positive
68e766972fc4645d0825d7aba0894bb0c649551a,950746,44,euphoric|playful,mixed,high,pop|dance_pop,mixed,love,same_vibe,romantic_tension|confident|party,positive
04be4445a7e582a78c8fb3b66ff68979793dc653,951095,48,euphoric|confident,theme,high,pop|dance_pop,mixed,love,same_vibe,romantic_tension|party|chill,positive
ce6e84dcd8486ee47d9d96c0f2ed76a77cfc6394,955910,117,confident|euphoric,theme,high,pop|dance_pop,mixed,love,same_vibe,party|romantic_tension|mixed,positive
cd6e23418e3191d6c7439654af2148113ba5157e,960355,98,confident|uplifting|playful,theme,mid,pop|dance_pop,mixed,love,same_vibe,romantic_tension|party|chill,positive
ec3d3dff29a49054264c36b914c2cbdb4f7d8b34,965315,70,melancholic,theme,low,pop,mixed,love|heartbreak,cooldown,cinematic|mixed|high_arousal,negative
eddac62e6010142aadcb69abb4c20887767d256e,970148,54,euphoric|playful,mixed,high,pop|electropop,mixed,love,same_vibe,romantic_tension|confident|chill,positive
bde80c9676180e6c22bb78f76fb9af35d863aeda,980060,97,confident|uplifting|playful,theme,mid,pop|dance_pop,mixed,love,same_vibe,romantic_tension|party|chill,positive
ab6ada5e8beb127aa5d6268925ae07e28a8f0dd9,990683,82,euphoric|playful,mixed,high,pop|dance_pop,mixed,love,same_vibe,confident|mixed|high_arousal,positive
786eb266347a8d157f24489ba879a7967d897829,991422,51,euphoric|playful,mixed,high,pop|dance_pop,mixed,love,same_vibe,romantic_tension|confident|party,positive
9988c4c5b6236b65bc7a72df7fc940c5a6c575a1,993312,82,euphoric|confident,theme,high,pop|dance_pop,mixed,love,same_vibe,romantic_tension|party|chill,positive
3252e0c43acee569eee964574c12149698c3e675,996098,54,melancholic|uplifting,theme,mid,pop|indie|soundtrack,mixed,love|conflict,same_vibe,cinematic|mixed|high_arousal,positive
7fa287f89009360d4fd8d0a1daa2b1e04ebea9a3,997364,61,melancholic|uplifting,theme,mid,pop|indie,mixed,love|conflict,same_vibe,cinematic|mixed|high_arousal,positive
08c85025ae80107bce84a4387522e670ccbc1da4,999585,40,confident|uplifting|playful,theme,mid,pop|dance_pop,mixed,love,same_vibe,romantic_tension|party|chill,positive
